fc,m,23,1,NA,NA,0,1.2616840999999681,NA,NA,NA,NA,NA,NA,NA,NA
fc,m,23,2,NA,NA,1,0.7148803000000044,NA,NA,NA,NA,NA,NA,NA,NA
fc,m,23,1,NA,NA,1,3.133022199999971,NA,NA,NA,NA,NA,NA,NA,NA
fc,m,23,2,NA,NA,1,1.336522500000001,NA,NA,NA,NA,NA,NA,NA,NA
fc,m,23,1,NA,NA,1,1.0709082000000194,NA,NA,NA,NA,NA,NA,NA,NA
fc,m,23,2,NA,NA,1,1.5796669999999722,NA,NA,NA,NA,NA,NA,NA,NA
fc,m,23,1,NA,NA,1,1.507681899999966,NA,NA,NA,NA,NA,NA,NA,NA
fc,m,23,2,NA,NA,1,0.9496345999999676,NA,NA,NA,NA,NA,NA,NA,NA
fc,m,23,1,NA,NA,1,1.2736712000000239,NA,NA,NA,NA,NA,NA,NA,NA
fc,m,23,2,NA,NA,1,1.0585464000000115,NA,NA,NA,NA,NA,NA,NA,NA
fc,m,23,1,NA,NA,0,1.9797898999999575,NA,NA,NA,NA,NA,NA,NA,NA
fc,m,23,2,NA,NA,0,2.4221032000000378,NA,NA,NA,NA,NA,NA,NA,NA
fc,m,23,1,NA,NA,1,3.1720234000000005,NA,NA,NA,NA,NA,NA,NA,NA
fc,m,23,2,NA,NA,1,1.3810366999999815,NA,NA,NA,NA,NA,NA,NA,NA
fc,m,23,1,NA,NA,1,1.9589924999999653,NA,NA,NA,NA,NA,NA,NA,NA
fc,m,23,2,NA,NA,1,1.4627468999999564,NA,NA,NA,NA,NA,NA,NA,NA
fc,m,23,1,NA,NA,1,1.2920962000000031,NA,NA,NA,NA,NA,NA,NA,NA
fc,m,23,2,NA,NA,1,0.699607100000037,NA,NA,NA,NA,NA,NA,NA,NA
fc,m,23,1,NA,NA,0,1.3125233000000094,NA,NA,NA,NA,NA,NA,NA,NA
fc,m,23,2,NA,NA,0,1.6391626000000201,NA,NA,NA,NA,NA,NA,NA,NA
fc,m,23,NA,NA,NA,NA,NA,NA,NA,NA,NA,NA,NA,NA,NA
fc,m,23,1,0,NA,1,1.7938429999999812,NA,NA,NA,NA,NA,NA,NA,NA
fc,m,23,2,1,NA,1,1.015695199999982,NA,NA,NA,NA,NA,NA,NA,NA
fc,m,23,1,2,NA,1,2.1504132000000027,NA,NA,NA,NA,NA,NA,NA,NA
fc,m,23,2,3,NA,1,1.451148499999988,NA,NA,NA,NA,NA,NA,NA,NA
fc,m,23,1,4,NA,1,1.5815249999999992,NA,NA,NA,NA,NA,NA,NA,NA
fc,m,23,2,5,NA,1,1.1834342999999876,NA,NA,NA,NA,NA,NA,NA,NA
fc,m,23,1,6,NA,1,1.3527435999999966,NA,NA,NA,NA,NA,NA,NA,NA
fc,m,23,2,7,NA,1,0.7363058000000251,NA,NA,NA,NA,NA,NA,NA,NA
fc,m,23,1,8,NA,1,1.4445097999999916,NA,NA,NA,NA,NA,NA,NA,NA
fc,m,23,2,9,NA,1,0.6316166000000294,NA,NA,NA,NA,NA,NA,NA,NA
fc,m,23,1,10,NA,1,0.9292525999999839,NA,NA,NA,NA,NA,NA,NA,NA
fc,m,23,2,11,NA,1,0.7904136000000221,NA,NA,NA,NA,NA,NA,NA,NA
fc,m,23,1,12,NA,1,0.69488130000002,NA,NA,NA,NA,NA,NA,NA,NA
fc,m,23,2,13,NA,1,0.9331225999999901,NA,NA,NA,NA,NA,NA,NA,NA
fc,m,23,1,14,NA,1,1.581077099999959,NA,NA,NA,NA,NA,NA,NA,NA
fc,m,23,2,15,NA,1,0.6595329999999535,NA,NA,NA,NA,NA,NA,NA,NA
fc,m,23,1,16,NA,0,1.302732600000013,NA,NA,NA,NA,NA,NA,NA,NA
fc,m,23,2,17,NA,1,1.178740199999993,NA,NA,NA,NA,NA,NA,NA,NA
fc,m,23,1,18,NA,1,1.7717293999999697,NA,NA,NA,NA,NA,NA,NA,NA
fc,m,23,2,19,NA,1,0.9700243999999998,NA,NA,NA,NA,NA,NA,NA,NA
fc,m,23,1,20,NA,1,1.2751185000000191,NA,NA,NA,NA,NA,NA,NA,NA
fc,m,23,2,21,NA,1,0.8949793000000454,NA,NA,NA,NA,NA,NA,NA,NA
fc,m,23,1,22,NA,1,1.0709206999999878,NA,NA,NA,NA,NA,NA,NA,NA
fc,m,23,2,23,NA,1,0.6923208000000045,NA,NA,NA,NA,NA,NA,NA,NA
fc,m,23,1,24,NA,1,1.7666356000000292,NA,NA,NA,NA,NA,NA,NA,NA
fc,m,23,2,25,NA,1,0.5967382000000043,NA,NA,NA,NA,NA,NA,NA,NA
fc,m,23,1,26,NA,1,1.7299500000000307,NA,NA,NA,NA,NA,NA,NA,NA
fc,m,23,2,27,NA,1,1.1277323999999567,NA,NA,NA,NA,NA,NA,NA,NA
fc,m,23,1,28,NA,1,1.2024289000000294,NA,NA,NA,NA,NA,NA,NA,NA
fc,m,23,2,29,NA,1,0.7418848999999454,NA,NA,NA,NA,NA,NA,NA,NA
fc,m,23,1,30,NA,1,1.3090882000000192,NA,NA,NA,NA,NA,NA,NA,NA
fc,m,23,2,31,NA,1,0.6041665000000194,NA,NA,NA,NA,NA,NA,NA,NA
fc,m,23,1,32,NA,1,1.6215849000000162,NA,NA,NA,NA,NA,NA,NA,NA
fc,m,23,2,33,NA,1,0.837759100000028,NA,NA,NA,NA,NA,NA,NA,NA
fc,m,23,1,34,NA,1,1.5086494000000243,NA,NA,NA,NA,NA,NA,NA,NA
fc,m,23,2,35,NA,1,0.5530368999999951,NA,NA,NA,NA,NA,NA,NA,NA
fc,m,23,1,36,NA,1,1.9734836999999743,NA,NA,NA,NA,NA,NA,NA,NA
fc,m,23,2,37,NA,1,0.429244199999971,NA,NA,NA,NA,NA,NA,NA,NA
fc,m,23,1,38,NA,0,0.9052641999999196,NA,NA,NA,NA,NA,NA,NA,NA
fc,m,23,2,39,NA,1,0.9504655000000639,NA,NA,NA,NA,NA,NA,NA,NA
fc,m,23,1,40,NA,1,1.6216508999999633,NA,NA,NA,NA,NA,NA,NA,NA
fc,m,23,2,41,NA,1,0.5753061000000343,NA,NA,NA,NA,NA,NA,NA,NA
fc,m,23,1,42,NA,0,1.4338076999999885,NA,NA,NA,NA,NA,NA,NA,NA
fc,m,23,2,43,NA,1,0.6917316999999912,NA,NA,NA,NA,NA,NA,NA,NA
fc,m,23,1,44,NA,1,1.1950091999999586,NA,NA,NA,NA,NA,NA,NA,NA
fc,m,23,2,45,NA,1,0.5436644000000115,NA,NA,NA,NA,NA,NA,NA,NA
fc,m,23,1,46,NA,1,1.4976615000000493,NA,NA,NA,NA,NA,NA,NA,NA
fc,m,23,2,47,NA,1,0.5310238000000709,NA,NA,NA,NA,NA,NA,NA,NA
fc,m,23,1,48,NA,1,1.2749898999999232,NA,NA,NA,NA,NA,NA,NA,NA
fc,m,23,2,49,NA,1,0.5196005999999898,NA,NA,NA,NA,NA,NA,NA,NA
fc,m,23,1,50,NA,1,1.191491199999973,NA,NA,NA,NA,NA,NA,NA,NA
fc,m,23,2,51,NA,1,0.6421708000000308,NA,NA,NA,NA,NA,NA,NA,NA
fc,m,23,1,52,NA,1,1.1887739999999667,NA,NA,NA,NA,NA,NA,NA,NA
fc,m,23,2,53,NA,1,0.5465404999999919,NA,NA,NA,NA,NA,NA,NA,NA
fc,m,23,1,54,NA,1,1.239239399999974,NA,NA,NA,NA,NA,NA,NA,NA
fc,m,23,2,55,NA,1,0.54921760000002,NA,NA,NA,NA,NA,NA,NA,NA
fc,m,23,1,56,NA,1,1.3944047999999611,NA,NA,NA,NA,NA,NA,NA,NA
fc,m,23,2,57,NA,1,1.3315010999999686,NA,NA,NA,NA,NA,NA,NA,NA
fc,m,23,1,58,NA,1,1.267269199999987,NA,NA,NA,NA,NA,NA,NA,NA
fc,m,23,2,59,NA,1,0.6026057999999921,NA,NA,NA,NA,NA,NA,NA,NA
fc,m,23,1,60,NA,1,1.8365146999999524,NA,NA,NA,NA,NA,NA,NA,NA
fc,m,23,2,61,NA,1,1.4152156000000105,NA,NA,NA,NA,NA,NA,NA,NA
fc,m,23,1,62,NA,1,1.3844055999999227,NA,NA,NA,NA,NA,NA,NA,NA
fc,m,23,2,63,NA,1,0.6746282000000292,NA,NA,NA,NA,NA,NA,NA,NA
fc,m,23,1,64,NA,1,1.1255872000000409,NA,NA,NA,NA,NA,NA,NA,NA
fc,m,23,2,65,NA,1,0.5178602000000865,NA,NA,NA,NA,NA,NA,NA,NA
fc,m,23,1,66,NA,0,1.0264559999999392,NA,NA,NA,NA,NA,NA,NA,NA
fc,m,23,2,67,NA,1,0.6494993999999679,NA,NA,NA,NA,NA,NA,NA,NA
fc,m,23,1,68,NA,1,1.2044435999999905,NA,NA,NA,NA,NA,NA,NA,NA
fc,m,23,2,69,NA,1,0.6119312000000718,NA,NA,NA,NA,NA,NA,NA,NA
fc,m,23,1,70,NA,1,0.6791210000000092,NA,NA,NA,NA,NA,NA,NA,NA
fc,m,23,2,71,NA,1,0.5036929999999984,NA,NA,NA,NA,NA,NA,NA,NA
fc,m,23,1,72,NA,1,1.3445602000000463,NA,NA,NA,NA,NA,NA,NA,NA
fc,m,23,2,73,NA,1,0.4035923000000139,NA,NA,NA,NA,NA,NA,NA,NA
fc,m,23,1,74,NA,1,1.4205448999999817,NA,NA,NA,NA,NA,NA,NA,NA
fc,m,23,2,75,NA,1,0.6708753000000343,NA,NA,NA,NA,NA,NA,NA,NA
fc,m,23,1,76,NA,1,1.3854167000000643,NA,NA,NA,NA,NA,NA,NA,NA
fc,m,23,2,77,NA,1,0.6052547000000459,NA,NA,NA,NA,NA,NA,NA,NA
fc,m,23,1,78,NA,1,1.3569776000000502,NA,NA,NA,NA,NA,NA,NA,NA
fc,m,23,2,79,NA,1,0.5820803999999953,NA,NA,NA,NA,NA,NA,NA,NA
fc,m,23,1,NA,0,1,0.742302699999982,NA,NA,NA,NA,NA,NA,NA,NA
fc,m,23,2,NA,1,1,0.3906951999999819,NA,NA,NA,NA,NA,NA,NA,NA
fc,m,23,1,NA,2,0,0.8106392000000824,NA,NA,NA,NA,NA,NA,NA,NA
fc,m,23,2,NA,3,1,0.7589698999998973,NA,NA,NA,NA,NA,NA,NA,NA
fc,m,23,1,NA,4,1,0.563423299999954,NA,NA,NA,NA,NA,NA,NA,NA
fc,m,23,2,NA,5,1,1.4014296000000286,NA,NA,NA,NA,NA,NA,NA,NA
fc,m,23,1,NA,6,1,1.1376350000000457,NA,NA,NA,NA,NA,NA,NA,NA
fc,m,23,2,NA,7,1,0.6359153999999307,NA,NA,NA,NA,NA,NA,NA,NA
fc,m,23,1,NA,8,1,0.6172101000000794,NA,NA,NA,NA,NA,NA,NA,NA
fc,m,23,2,NA,9,1,0.55796040000007,NA,NA,NA,NA,NA,NA,NA,NA
fc,m,23,1,NA,10,1,1.073657199999957,NA,NA,NA,NA,NA,NA,NA,NA
fc,m,23,2,NA,11,1,0.82717219999995,NA,NA,NA,NA,NA,NA,NA,NA
fc,m,23,1,NA,12,1,0.8846303999999918,NA,NA,NA,NA,NA,NA,NA,NA
fc,m,23,2,NA,13,1,0.5699771999999257,NA,NA,NA,NA,NA,NA,NA,NA
fc,m,23,1,NA,14,1,1.471509200000014,NA,NA,NA,NA,NA,NA,NA,NA
fc,m,23,2,NA,15,1,0.5781806999999617,NA,NA,NA,NA,NA,NA,NA,NA
fc,m,23,1,NA,16,1,0.9182293000000072,NA,NA,NA,NA,NA,NA,NA,NA
fc,m,23,2,NA,17,1,0.7657977000000074,NA,NA,NA,NA,NA,NA,NA,NA
fc,m,23,1,NA,18,1,1.466266399999995,NA,NA,NA,NA,NA,NA,NA,NA
fc,m,23,2,NA,19,1,1.1356223999999884,NA,NA,NA,NA,NA,NA,NA,NA
fc,m,23,1,NA,20,1,1.6587170999999898,NA,NA,NA,NA,NA,NA,NA,NA
fc,m,23,2,NA,21,1,0.6915133999999625,NA,NA,NA,NA,NA,NA,NA,NA
fc,m,23,1,NA,22,1,0.7248295000000553,NA,NA,NA,NA,NA,NA,NA,NA
fc,m,23,2,NA,23,1,0.6384590000000117,NA,NA,NA,NA,NA,NA,NA,NA
fc,m,23,1,NA,24,1,0.6850518999999622,NA,NA,NA,NA,NA,NA,NA,NA
fc,m,23,2,NA,25,1,0.5011650000000145,NA,NA,NA,NA,NA,NA,NA,NA
fc,m,23,1,NA,26,1,1.2858005000000503,NA,NA,NA,NA,NA,NA,NA,NA
fc,m,23,2,NA,27,1,0.5477785000000495,NA,NA,NA,NA,NA,NA,NA,NA
fc,m,23,1,NA,28,1,0.6209641000000374,NA,NA,NA,NA,NA,NA,NA,NA
fc,m,23,2,NA,29,1,0.626173000000108,NA,NA,NA,NA,NA,NA,NA,NA
fc,m,23,1,NA,30,1,1.7177143000000115,NA,NA,NA,NA,NA,NA,NA,NA
fc,m,23,2,NA,31,1,0.5728632999999945,NA,NA,NA,NA,NA,NA,NA,NA
fc,m,23,1,NA,32,1,1.2323453999999856,NA,NA,NA,NA,NA,NA,NA,NA
fc,m,23,2,NA,33,1,0.5489612000000079,NA,NA,NA,NA,NA,NA,NA,NA
fc,m,23,1,NA,34,1,0.9046409999999696,NA,NA,NA,NA,NA,NA,NA,NA
fc,m,23,2,NA,35,1,0.5059575000000223,NA,NA,NA,NA,NA,NA,NA,NA
fc,m,23,1,NA,36,1,0.5697059000000309,NA,NA,NA,NA,NA,NA,NA,NA
fc,m,23,2,NA,37,1,0.895239800000013,NA,NA,NA,NA,NA,NA,NA,NA
fc,m,23,1,NA,38,1,0.8253468000000339,NA,NA,NA,NA,NA,NA,NA,NA
fc,m,23,2,NA,39,1,0.4007821000000149,NA,NA,NA,NA,NA,NA,NA,NA
fc,m,23,1,NA,40,0,0.9142148999999336,NA,NA,NA,NA,NA,NA,NA,NA
fc,m,23,2,NA,41,1,1.1202064999999948,NA,NA,NA,NA,NA,NA,NA,NA
fc,m,23,1,NA,42,0,1.0600835999999845,NA,NA,NA,NA,NA,NA,NA,NA
fc,m,23,2,NA,43,1,0.6962851999999202,NA,NA,NA,NA,NA,NA,NA,NA
fc,m,23,1,NA,44,1,0.713388200000054,NA,NA,NA,NA,NA,NA,NA,NA
fc,m,23,2,NA,45,1,1.545699900000045,NA,NA,NA,NA,NA,NA,NA,NA
fc,m,23,1,NA,46,1,1.6977487999999994,NA,NA,NA,NA,NA,NA,NA,NA
fc,m,23,2,NA,47,1,0.5143765000000258,NA,NA,NA,NA,NA,NA,NA,NA
fc,m,23,1,NA,48,0,0.9495428999999831,NA,NA,NA,NA,NA,NA,NA,NA
fc,m,23,2,NA,49,1,0.6318242000000964,NA,NA,NA,NA,NA,NA,NA,NA
fc,m,23,1,NA,50,1,1.1143044000000373,NA,NA,NA,NA,NA,NA,NA,NA
fc,m,23,2,NA,51,1,0.7176189999998996,NA,NA,NA,NA,NA,NA,NA,NA
fc,m,23,1,NA,52,1,0.4937097999999196,NA,NA,NA,NA,NA,NA,NA,NA
fc,m,23,2,NA,53,1,0.5871799999999894,NA,NA,NA,NA,NA,NA,NA,NA
fc,m,23,1,NA,54,1,0.5622448000000304,NA,NA,NA,NA,NA,NA,NA,NA
fc,m,23,2,NA,55,1,0.42043360000002394,NA,NA,NA,NA,NA,NA,NA,NA
fc,m,23,1,NA,56,1,0.6203504000000066,NA,NA,NA,NA,NA,NA,NA,NA
fc,m,23,2,NA,57,1,0.42335400000001755,NA,NA,NA,NA,NA,NA,NA,NA
fc,m,23,1,NA,58,1,0.5931000000000495,NA,NA,NA,NA,NA,NA,NA,NA
fc,m,23,2,NA,59,1,1.10688719999996,NA,NA,NA,NA,NA,NA,NA,NA
fc,m,23,1,NA,60,1,0.8402301999999509,NA,NA,NA,NA,NA,NA,NA,NA
fc,m,23,2,NA,61,1,0.7254722000000129,NA,NA,NA,NA,NA,NA,NA,NA
fc,m,23,1,NA,62,1,0.6202506999999287,NA,NA,NA,NA,NA,NA,NA,NA
fc,m,23,2,NA,63,1,0.6719153000000233,NA,NA,NA,NA,NA,NA,NA,NA
fc,m,23,1,NA,64,1,0.6819342000000006,NA,NA,NA,NA,NA,NA,NA,NA
fc,m,23,2,NA,65,1,0.8423481999999467,NA,NA,NA,NA,NA,NA,NA,NA
fc,m,23,1,NA,66,0,1.9170871000000034,NA,NA,NA,NA,NA,NA,NA,NA
fc,m,23,2,NA,67,1,2.1825249999999414,NA,NA,NA,NA,NA,NA,NA,NA
fc,m,23,1,NA,68,1,0.7344631999999365,NA,NA,NA,NA,NA,NA,NA,NA
fc,m,23,2,NA,69,1,0.4645743000000948,NA,NA,NA,NA,NA,NA,NA,NA
fc,m,23,1,NA,70,1,1.1525563000000147,NA,NA,NA,NA,NA,NA,NA,NA
fc,m,23,2,NA,71,1,0.5591774999999188,NA,NA,NA,NA,NA,NA,NA,NA
fc,m,23,1,NA,72,1,0.705891500000007,NA,NA,NA,NA,NA,NA,NA,NA
fc,m,23,2,NA,73,1,0.4655654000000595,NA,NA,NA,NA,NA,NA,NA,NA
fc,m,23,1,NA,74,1,0.9735176000000365,NA,NA,NA,NA,NA,NA,NA,NA
fc,m,23,2,NA,75,1,0.5634613999999374,NA,NA,NA,NA,NA,NA,NA,NA
fc,m,23,1,NA,76,1,0.5432854999999108,NA,NA,NA,NA,NA,NA,NA,NA
fc,m,23,2,NA,77,1,0.5867551999999705,NA,NA,NA,NA,NA,NA,NA,NA
fc,m,23,1,NA,78,1,2.474901399999908,NA,NA,NA,NA,NA,NA,NA,NA
fc,m,23,2,NA,79,1,0.586955200000034,NA,NA,NA,NA,NA,NA,NA,NA
fc,m,23,NA,NA,NA,NA,NA,0,0,NA,NA,0,NA,1,1.7218781000000263
fc,m,23,NA,NA,NA,NA,NA,0,0,NA,NA,1,1.0004985000000488,1,0.8354146000000355
fc,m,23,NA,NA,NA,NA,NA,1,0,NA,NA,0,NA,1,1.978395800000044
fc,m,23,NA,NA,NA,NA,NA,1,1,NA,NA,0,1.0243828999999778,1,0.8763376000000562
fc,m,23,NA,NA,NA,NA,NA,1,1,NA,NA,0,NA,1,1.2394814000000451
fc,m,23,NA,NA,NA,NA,NA,0,1,NA,NA,1,0.9919482000000244,1,1.7262750999999525
fc,m,23,NA,NA,NA,NA,NA,1,0,NA,NA,1,0.8878513999999313,1,1.1890204999999696
fc,m,23,NA,NA,NA,NA,NA,0,1,NA,NA,0,NA,0,0.5797671000000264
fc,m,23,NA,NA,NA,NA,NA,NA,NA,NA,NA,NA,NA,NA,NA
fc,m,23,NA,NA,NA,NA,NA,1,1,0,0,1,0.7958297999999786,1,1.262534999999957
fc,m,23,NA,NA,NA,NA,NA,1,1,0,1,0,0.8484220000000278,1,1.1532298999999284
fc,m,23,NA,NA,NA,NA,NA,0,1,0,2,0,0.9060144999999693,1,1.822098399999959
fc,m,23,NA,NA,NA,NA,NA,0,0,0,3,1,0.9456557999999404,1,1.1855930000000399
fc,m,23,NA,NA,NA,NA,NA,1,1,0,4,1,1.3206061000000773,1,0.6758475000000317
fc,m,23,NA,NA,NA,NA,NA,1,1,0,5,1,0.8000363999999536,1,0.9870396000000028
fc,m,23,NA,NA,NA,NA,NA,1,1,0,6,1,1.213281199999983,1,0.6939277000000175
fc,m,23,NA,NA,NA,NA,NA,0,0,0,7,0,0.8810412999999926,1,1.8369116000000076
fc,m,23,NA,NA,NA,NA,NA,0,1,0,8,1,1.3370787000000064,1,0.6478416999999581
fc,m,23,NA,NA,NA,NA,NA,0,0,0,9,0,0.7395127999999431,1,1.202613700000029
fc,m,23,NA,NA,NA,NA,NA,1,1,0,10,1,0.9254479999999603,1,0.6572435000000496
fc,m,23,NA,NA,NA,NA,NA,0,1,0,11,1,0.44002230000000964,1,0.7084635999999591
fc,m,23,NA,NA,NA,NA,NA,1,1,0,12,1,0.8163265000000592,1,0.6434233999999606
fc,m,23,NA,NA,NA,NA,NA,0,1,0,13,1,0.3671381000000338,1,0.6188495999999759
fc,m,23,NA,NA,NA,NA,NA,0,0,0,14,1,0.6733213999999634,1,0.9565537000000859
fc,m,23,NA,NA,NA,NA,NA,0,0,0,15,1,0.3837164000000257,1,1.1675513000000137
fc,m,23,NA,NA,NA,NA,NA,1,1,0,16,1,0.7381841000000122,1,0.632957499999975
fc,m,23,NA,NA,NA,NA,NA,0,0,0,17,1,0.67381069999999,1,1.0118986999999606
fc,m,23,NA,NA,NA,NA,NA,1,1,0,18,1,0.6833976000000348,1,0.6868310999999494
fc,m,23,NA,NA,NA,NA,NA,1,0,0,19,1,0.6599888999999166,1,1.0169478000000254
fc,m,23,NA,NA,NA,NA,NA,0,1,0,20,1,0.6752167000000782,1,0.70621619999997165
fc,m,23,NA,NA,NA,NA,NA,1,0,0,21,1,0.47680620000005547,1,0.9318035000000009
fc,m,23,NA,NA,NA,NA,NA,1,0,0,22,1,0.5083819999999832,1,0.9191250999999738
fc,m,23,NA,NA,NA,NA,NA,0,0,0,23,1,0.592669600000022,1,0.7878824000000577
fc,m,23,NA,NA,NA,NA,NA,1,0,0,24,1,0.4928876000000173,1,0.8285159000000704
fc,m,23,NA,NA,NA,NA,NA,0,0,0,25,1,0.3656442999999854,1,0.7245547999999644
fc,m,23,NA,NA,NA,NA,NA,0,1,0,26,1,0.5322558999999956,1,0.700676000000044
fc,m,23,NA,NA,NA,NA,NA,1,0,0,27,1,0.5787847000000284,1,0.5787554999999429
fc,m,23,NA,NA,NA,NA,NA,0,1,0,28,1,0.7319592000000057,1,0.9212358999999424
fc,m,23,NA,NA,NA,NA,NA,1,0,0,29,1,0.533480499999996,1,0.7718015999998897
fc,m,23,NA,NA,NA,NA,NA,0,0,0,30,1,0.46819940000000315,1,0.6112294000000702
fc,m,23,NA,NA,NA,NA,NA,1,1,0,31,1,0.5602314999999862,1,0.5987796000000571
fc,m,23,NA,NA,NA,NA,NA,0,0,0,32,1,0.6986965999999484,1,0.715622099999905
fc,m,23,NA,NA,NA,NA,NA,1,0,0,33,1,0.4821563000000424,1,0.8947711000000709
fc,m,23,NA,NA,NA,NA,NA,0,1,0,34,1,0.3395253999999568,1,0.8247261000000208
fc,m,23,NA,NA,NA,NA,NA,1,1,0,35,1,0.4433559999999943,1,0.6418936000000031
fc,m,23,NA,NA,NA,NA,NA,1,1,0,36,1,1.1226983999999902,1,0.5797220000000607
fc,m,23,NA,NA,NA,NA,NA,1,1,0,37,1,0.559100199999989,1,0.6304185999999845
fc,m,23,NA,NA,NA,NA,NA,0,0,0,38,1,0.49926570000002357,1,0.7699127999999291
fc,m,23,NA,NA,NA,NA,NA,1,1,0,39,1,0.5519921000000068,1,0.622052300000064
fc,m,23,NA,NA,NA,NA,NA,1,0,0,40,1,0.6345202999999628,1,0.7075783000000229
fc,m,23,NA,NA,NA,NA,NA,0,1,0,41,1,0.4654312000000118,1,0.6296479999999747
fc,m,23,NA,NA,NA,NA,NA,1,0,0,42,1,0.4486565999999357,1,0.7316243000000213
fc,m,23,NA,NA,NA,NA,NA,0,1,0,43,1,0.4271314000000075,1,1.1029572999999573
fc,m,23,NA,NA,NA,NA,NA,0,0,0,44,1,0.4380698999999595,1,1.6204316000000745
fc,m,23,NA,NA,NA,NA,NA,1,1,0,45,1,0.6099928000001,1,0.8021999000000051
fc,m,23,NA,NA,NA,NA,NA,0,0,0,46,1,0.6411974999999757,1,0.621373100000028
fc,m,23,NA,NA,NA,NA,NA,1,0,0,47,1,0.49572299999999814,1,0.6916232999999465
fc,m,23,NA,NA,NA,NA,NA,1,0,0,48,1,0.5135750999999118,1,0.8858936999999969
fc,m,23,NA,NA,NA,NA,NA,0,1,0,49,1,0.5166384999999991,1,0.8527384999999867
fc,m,23,NA,NA,NA,NA,NA,1,1,0,50,1,0.4609511000001021,1,0.6386733000001641
fc,m,23,NA,NA,NA,NA,NA,0,0,0,51,1,0.42011649999994916,1,0.5760597999999391
fc,m,23,NA,NA,NA,NA,NA,1,0,0,52,1,0.48194439999997485,1,0.7369186000000809
fc,m,23,NA,NA,NA,NA,NA,0,1,0,53,1,0.6116451000000325,1,0.6673444000000472
fc,m,23,NA,NA,NA,NA,NA,1,1,0,54,1,0.5465721999999005,1,0.62958679999997
fc,m,23,NA,NA,NA,NA,NA,1,0,0,55,1,0.5237409999999727,1,0.7632926999999654
fc,m,23,NA,NA,NA,NA,NA,0,1,0,56,1,0.5593272999999499,1,0.6775663999999324
fc,m,23,NA,NA,NA,NA,NA,1,0,0,57,1,0.6670605000001615,1,0.6599423000000115
fc,m,23,NA,NA,NA,NA,NA,0,0,0,58,1,0.44875950000005105,1,0.6858896999999615
fc,m,23,NA,NA,NA,NA,NA,0,1,0,59,1,0.410105700000031,0,0.6449506999999812
fc,m,23,NA,NA,NA,NA,NA,1,1,0,60,1,0.5635923000002094,1,0.6852748999999676
fc,m,23,NA,NA,NA,NA,NA,1,1,0,61,1,0.4698530999999093,1,0.6892973000001348
fc,m,23,NA,NA,NA,NA,NA,1,0,0,62,1,0.538675000000012,1,0.8754110999998375
fc,m,23,NA,NA,NA,NA,NA,0,0,0,63,1,0.3760216999999102,1,0.5987755999999536
fc,m,23,NA,NA,NA,NA,NA,0,1,0,64,1,0.35761740000020836,1,0.6253125999999156
fc,m,23,NA,NA,NA,NA,NA,0,1,0,65,1,0.4007234000000608,1,1.0630525000001398
fc,m,23,NA,NA,NA,NA,NA,0,0,0,66,1,0.4059353000000101,1,0.6676186999998208
fc,m,23,NA,NA,NA,NA,NA,1,0,0,67,1,0.5349680000001626,1,0.777851900000087
fc,m,23,NA,NA,NA,NA,NA,0,1,0,68,1,0.5617959999999584,1,0.6198280999999497
fc,m,23,NA,NA,NA,NA,NA,1,0,0,69,1,0.5040001999998367,1,0.7030894999998054
fc,m,23,NA,NA,NA,NA,NA,1,1,0,70,1,0.51719960000014,1,0.6689332000000832
fc,m,23,NA,NA,NA,NA,NA,0,0,0,71,1,0.33031609999989087,1,0.6755037000000357
fc,m,23,NA,NA,NA,NA,NA,0,1,0,72,1,0.3611171000000013,1,1.0547621999999137
fc,m,23,NA,NA,NA,NA,NA,0,0,0,73,1,0.37528530000008686,1,0.725656299999855
fc,m,23,NA,NA,NA,NA,NA,1,0,0,74,1,0.5153681000001598,1,0.8820063000000573
fc,m,23,NA,NA,NA,NA,NA,1,0,0,75,1,0.5208319999999276,1,0.5233246999998755
fc,m,23,NA,NA,NA,NA,NA,1,0,0,76,1,0.5241622999999436,1,1.077208199999859
fc,m,23,NA,NA,NA,NA,NA,0,1,0,77,1,0.4013423999999759,1,1.0020464000001539
fc,m,23,NA,NA,NA,NA,NA,0,0,0,78,1,0.7722000999999636,1,1.304563799999869
fc,m,23,NA,NA,NA,NA,NA,0,1,0,79,1,0.34983549999992647,1,0.6528043000000707
fc,m,23,NA,NA,NA,NA,NA,NA,NA,0,NA,NA,NA,NA,NA
fc,m,23,NA,NA,NA,NA,NA,1,0,1,0,1,0.5847383000000264,1,0.6211802000000262
fc,m,23,NA,NA,NA,NA,NA,0,1,1,1,1,0.5598123000002033,1,0.7395059999998921
fc,m,23,NA,NA,NA,NA,NA,0,0,1,2,1,0.46429319999992913,1,0.5742276999999376
fc,m,23,NA,NA,NA,NA,NA,1,0,1,3,1,0.49784539999996014,1,2.0631737999999586
fc,m,23,NA,NA,NA,NA,NA,0,0,1,4,1,0.439280300000064,1,0.5721889000001283
fc,m,23,NA,NA,NA,NA,NA,0,0,1,5,1,0.5762441000001672,1,0.5283782999999858
fc,m,23,NA,NA,NA,NA,NA,1,1,1,6,1,0.5254853999999796,1,0.7493670999999722
fc,m,23,NA,NA,NA,NA,NA,1,0,1,7,1,0.5182878000000528,1,0.6729195000000345
fc,m,23,NA,NA,NA,NA,NA,1,0,1,8,1,0.5649284000000989,1,0.7087546999998722
fc,m,23,NA,NA,NA,NA,NA,0,0,1,9,1,0.3046676999999818,1,0.60077339999998
fc,m,23,NA,NA,NA,NA,NA,0,0,1,10,1,0.33121909999999843,1,0.4773787000001448
fc,m,23,NA,NA,NA,NA,NA,1,1,1,11,1,0.5278020999999171,0,0.41872819999980493
fc,m,23,NA,NA,NA,NA,NA,0,1,1,12,1,0.4480015999999978,1,0.6233876999999666
fc,m,23,NA,NA,NA,NA,NA,0,0,1,13,1,0.3842562999998336,1,0.7736660000000484
fc,m,23,NA,NA,NA,NA,NA,1,0,1,14,0,0.3179688999998689,1,0.8450267000000622
fc,m,23,NA,NA,NA,NA,NA,0,1,1,15,1,0.3708368000000064,1,0.8249174999998559
fc,m,23,NA,NA,NA,NA,NA,1,0,1,16,1,0.5002422999998544,1,0.6178222999999434
fc,m,23,NA,NA,NA,NA,NA,0,1,1,17,1,0.3513260999998238,1,0.677287700000079
fc,m,23,NA,NA,NA,NA,NA,0,1,1,18,1,0.28945219999991423,1,0.6707026999999925
fc,m,23,NA,NA,NA,NA,NA,0,1,1,19,1,0.3368083000000297,1,0.6260287999998582
fc,m,23,NA,NA,NA,NA,NA,0,1,1,20,1,1.0225832999999511,1,0.5771033000000898
fc,m,23,NA,NA,NA,NA,NA,0,0,1,21,1,0.32003069999996114,0,0.3585050000001502
fc,m,23,NA,NA,NA,NA,NA,1,1,1,22,1,0.48705259999996997,1,1.0410319000000072
fc,m,23,NA,NA,NA,NA,NA,1,1,1,23,1,0.47876190000010865,1,0.5340244000001348
fc,m,23,NA,NA,NA,NA,NA,1,1,1,24,1,0.8596553999998378,1,0.6013274000001729
fc,m,23,NA,NA,NA,NA,NA,1,0,1,25,1,0.47042579999992995,1,0.6590080999999373
fc,m,23,NA,NA,NA,NA,NA,1,1,1,26,1,0.6402236999999786,1,0.576258899999857
fc,m,23,NA,NA,NA,NA,NA,0,1,1,27,1,0.3578674000000319,1,0.4577673000001141
fc,m,23,NA,NA,NA,NA,NA,1,0,1,28,0,0.30022569999982807,1,0.9860730000000331
fc,m,23,NA,NA,NA,NA,NA,1,1,1,29,1,0.4871038999999655,1,0.5780826000000161
fc,m,23,NA,NA,NA,NA,NA,1,0,1,30,1,0.5067326000000776,1,0.6876276000000416
fc,m,23,NA,NA,NA,NA,NA,1,1,1,31,1,0.9331752999999026,1,0.5143428000001222
fc,m,23,NA,NA,NA,NA,NA,0,1,1,32,1,0.4752465999999913,1,0.605334399999947
fc,m,23,NA,NA,NA,NA,NA,0,1,1,33,1,0.3372472999999445,1,0.503166500000134
fc,m,23,NA,NA,NA,NA,NA,0,0,1,34,1,0.29246980000016265,0,0.4848311000000649
fc,m,23,NA,NA,NA,NA,NA,0,0,1,35,1,0.33028490000015154,0,0.6933645000001434
fc,m,23,NA,NA,NA,NA,NA,1,1,1,36,1,0.6052745000001778,1,0.6376264000000447
fc,m,23,NA,NA,NA,NA,NA,1,1,1,37,1,0.5209804000000986,1,0.5979680000000371
fc,m,23,NA,NA,NA,NA,NA,0,1,1,38,1,0.3443576999998186,1,0.7888061000001017
fc,m,23,NA,NA,NA,NA,NA,1,0,1,39,1,0.4900553999998465,1,1.066098600000032
fc,m,23,NA,NA,NA,NA,NA,0,1,1,40,1,0.4967226000001119,1,0.6696868999999879
fc,m,23,NA,NA,NA,NA,NA,0,0,1,41,1,0.34264329999996335,1,0.591793700000153
fc,m,23,NA,NA,NA,NA,NA,0,0,1,42,1,0.3709743999997954,1,0.6365008000000216
fc,m,23,NA,NA,NA,NA,NA,0,1,1,43,1,0.37152149999997164,1,0.6868844999999055
fc,m,23,NA,NA,NA,NA,NA,1,0,1,44,1,0.5455864999998994,1,0.6377446999999847
fc,m,23,NA,NA,NA,NA,NA,1,1,1,45,1,0.5535489000001235,1,0.5248145999998997
fc,m,23,NA,NA,NA,NA,NA,1,0,1,46,1,0.5307634999999209,1,0.658616800000118
fc,m,23,NA,NA,NA,NA,NA,0,0,1,47,1,0.3459990999999718,1,0.5287835000001451
fc,m,23,NA,NA,NA,NA,NA,0,0,1,48,1,0.43906409999999596,1,0.7029821000000993
fc,m,23,NA,NA,NA,NA,NA,0,0,1,49,1,0.3649719999998524,0,0.4226387999999588
fc,m,23,NA,NA,NA,NA,NA,1,1,1,50,0,0.3026634999998805,1,0.6584800000000541
fc,m,23,NA,NA,NA,NA,NA,0,0,1,51,1,0.3956875999999738,1,0.7896862999998575
fc,m,23,NA,NA,NA,NA,NA,0,0,1,52,1,0.2981325000000652,1,0.6615199999998822
fc,m,23,NA,NA,NA,NA,NA,1,0,1,53,1,0.5947462000001451,1,0.536557799999855
fc,m,23,NA,NA,NA,NA,NA,1,1,1,54,1,0.5396728000000621,1,0.6225778000000446
fc,m,23,NA,NA,NA,NA,NA,1,0,1,55,1,0.5205358999999135,1,0.7131816999999501
fc,m,23,NA,NA,NA,NA,NA,0,1,1,56,1,0.38462770000001,1,0.7743376999999327
fc,m,23,NA,NA,NA,NA,NA,1,0,1,57,1,0.5024771999999302,1,0.5944405000000188
fc,m,23,NA,NA,NA,NA,NA,0,0,1,58,1,0.3695883000000322,1,0.6406677999998465
fc,m,23,NA,NA,NA,NA,NA,1,1,1,59,0,0.320499400000017,1,0.6562633999999434
fc,m,23,NA,NA,NA,NA,NA,1,0,1,60,1,0.5238449999999375,1,0.6306592000000819
fc,m,23,NA,NA,NA,NA,NA,0,1,1,61,1,0.44968440000002374,1,0.634380000000192
fc,m,23,NA,NA,NA,NA,NA,0,1,1,62,1,0.3843939999999293,1,0.591772600000013
fc,m,23,NA,NA,NA,NA,NA,1,1,1,63,1,0.6385887999999795,1,0.5431917999999314
fc,m,23,NA,NA,NA,NA,NA,0,1,1,64,1,0.40518410000004224,1,0.4171853000000283
fc,m,23,NA,NA,NA,NA,NA,1,0,1,65,1,0.5282028999999966,1,0.6300258999999642
fc,m,23,NA,NA,NA,NA,NA,0,1,1,66,1,0.4449716999999964,1,0.5949574999999641
fc,m,23,NA,NA,NA,NA,NA,0,0,1,67,1,0.37122329999988324,0,0.4259081000000151
fc,m,23,NA,NA,NA,NA,NA,1,1,1,68,1,0.4649403999999322,1,0.7623493999999482
fc,m,23,NA,NA,NA,NA,NA,1,1,1,69,0,0.28242649999992864,1,0.5678836000001866
fc,m,23,NA,NA,NA,NA,NA,0,1,1,70,1,0.35874300000000403,1,0.607486199999812
fc,m,23,NA,NA,NA,NA,NA,1,1,1,71,1,0.4822566000000279,1,0.35334149999994224
fc,m,23,NA,NA,NA,NA,NA,1,1,1,72,1,0.4920121999998628,1,0.32908210000005056
fc,m,23,NA,NA,NA,NA,NA,1,1,1,73,1,0.4791339999999309,1,0.3281990999998925
fc,m,23,NA,NA,NA,NA,NA,0,1,1,74,1,0.3686586000001171,1,0.8703015999999479
fc,m,23,NA,NA,NA,NA,NA,1,0,1,75,1,0.486340600000176,1,0.634853000000021
fc,m,23,NA,NA,NA,NA,NA,0,0,1,76,1,0.4270183999999517,1,0.6491866999999729
fc,m,23,NA,NA,NA,NA,NA,1,0,1,77,1,0.4810520999999426,1,0.6557252000000062
fc,m,23,NA,NA,NA,NA,NA,0,0,1,78,1,0.38520760000005794,1,0.5866459000001214
fc,m,23,NA,NA,NA,NA,NA,1,0,1,79,1,0.4907605999999305,1,0.6453288999998676
fc,m,23,NA,NA,NA,NA,NA,NA,NA,1,NA,NA,NA,NA,NA
fc,m,23,NA,NA,NA,NA,NA,0,0,2,0,1,0.513378800000055,1,0.43712150000010297
fc,m,23,NA,NA,NA,NA,NA,0,0,2,1,1,0.4219266999998581,1,0.6441167000000405
fc,m,23,NA,NA,NA,NA,NA,0,0,2,2,1,0.3653315000001385,1,0.526794099999961
fc,m,23,NA,NA,NA,NA,NA,0,1,2,3,1,0.34964659999991454,1,0.6249304999998913
fc,m,23,NA,NA,NA,NA,NA,0,1,2,4,1,0.35702489999994214,1,0.7966685999999754
fc,m,23,NA,NA,NA,NA,NA,1,1,2,5,1,0.5169835000001513,1,0.5459774000000834
fc,m,23,NA,NA,NA,NA,NA,0,0,2,6,1,0.3363670999999613,1,0.6595711000002211
fc,m,23,NA,NA,NA,NA,NA,0,1,2,7,1,0.3152591000000484,1,0.6180117000001246
fc,m,23,NA,NA,NA,NA,NA,1,0,2,8,1,0.5459607000000233,1,0.9147425000001022
fc,m,23,NA,NA,NA,NA,NA,1,1,2,9,1,0.49285029999987273,1,0.5936057999999775
fc,m,23,NA,NA,NA,NA,NA,1,0,2,10,1,0.5565208999998958,1,0.7385082000000693
fc,m,23,NA,NA,NA,NA,NA,0,1,2,11,1,0.3316832999998951,1,0.5502692000000025
fc,m,23,NA,NA,NA,NA,NA,0,1,2,12,1,0.4068988999999874,1,0.542571100000032
fc,m,23,NA,NA,NA,NA,NA,1,0,2,13,1,0.5870758000000933,1,0.5696024000001216
fc,m,23,NA,NA,NA,NA,NA,1,0,2,14,1,0.5588427000000138,1,0.5864847000000282
fc,m,23,NA,NA,NA,NA,NA,1,0,2,15,1,0.5195181999999932,1,0.6434844999998859
fc,m,23,NA,NA,NA,NA,NA,0,1,2,16,1,0.3590331000000333,1,0.8607907000000523
fc,m,23,NA,NA,NA,NA,NA,0,1,2,17,1,0.3425331000000824,1,0.6094123000000309
fc,m,23,NA,NA,NA,NA,NA,0,0,2,18,1,0.39666749999992135,1,0.692319199999929
fc,m,23,NA,NA,NA,NA,NA,0,0,2,19,1,0.3105238000000554,1,0.662283699999989
fc,m,23,NA,NA,NA,NA,NA,0,1,2,20,1,0.35280069999998886,1,0.48862289999988207
fc,m,23,NA,NA,NA,NA,NA,0,1,2,21,1,0.3573966000001292,1,0.5692138999997951
fc,m,23,NA,NA,NA,NA,NA,0,0,2,22,1,0.38108869999996386,1,0.7101321999998618
fc,m,23,NA,NA,NA,NA,NA,0,0,2,23,1,0.5245171999999911,1,0.7223533000001225
fc,m,23,NA,NA,NA,NA,NA,0,1,2,24,1,0.3471632999999201,1,0.7929942999999184
fc,m,23,NA,NA,NA,NA,NA,1,1,2,25,1,0.5908280999999533,1,0.6821296999999049
fc,m,23,NA,NA,NA,NA,NA,1,0,2,26,1,0.646107499999971,1,1.1742547999999715
fc,m,23,NA,NA,NA,NA,NA,1,0,2,27,1,0.5615394999999808,1,0.6930618000001232
fc,m,23,NA,NA,NA,NA,NA,0,1,2,28,1,0.3710037000000739,1,0.5958775000001424
fc,m,23,NA,NA,NA,NA,NA,1,0,2,29,1,0.5203741999998783,1,0.6218684999998914
fc,m,23,NA,NA,NA,NA,NA,0,1,2,30,1,0.35359790000006797,1,0.5444164000000455
fc,m,23,NA,NA,NA,NA,NA,0,1,2,31,1,0.292842999999948,1,0.545644300000049
fc,m,23,NA,NA,NA,NA,NA,0,1,2,32,1,0.5346276000000216,1,0.4958502999998018
fc,m,23,NA,NA,NA,NA,NA,1,0,2,33,1,0.5422484000000622,1,0.6546854000000621
fc,m,23,NA,NA,NA,NA,NA,1,0,2,34,1,0.5744268999999349,1,0.5884834999999384
fc,m,23,NA,NA,NA,NA,NA,1,0,2,35,1,0.5096238999999514,1,0.7303934000001391
fc,m,23,NA,NA,NA,NA,NA,0,1,2,36,1,0.3958471999999347,1,0.545742300000029
fc,m,23,NA,NA,NA,NA,NA,0,0,2,37,1,0.3162449999999808,1,0.658379800000148
fc,m,23,NA,NA,NA,NA,NA,0,0,2,38,1,0.37784959999999046,1,0.4927319000000807
fc,m,23,NA,NA,NA,NA,NA,1,1,2,39,1,0.5521972999999889,1,0.5879471000000649
fc,m,23,NA,NA,NA,NA,NA,1,0,2,40,1,0.5399047000000792,1,0.5552325999999539
fc,m,23,NA,NA,NA,NA,NA,0,0,2,41,1,0.3252407999998468,1,0.5720910999998523
fc,m,23,NA,NA,NA,NA,NA,1,1,2,42,1,0.56725449999999,1,0.5555280999999468
fc,m,23,NA,NA,NA,NA,NA,1,0,2,43,1,0.7311650999999983,1,0.6265647000000172
fc,m,23,NA,NA,NA,NA,NA,0,1,2,44,1,0.343915799999877,1,0.5230352999999468
fc,m,23,NA,NA,NA,NA,NA,1,0,2,45,1,0.537147799999957,1,0.6773407000000589
fc,m,23,NA,NA,NA,NA,NA,0,0,2,46,1,0.35805200000004334,1,0.5707117000001745
fc,m,23,NA,NA,NA,NA,NA,0,0,2,47,1,0.3820622999999159,1,0.44825779999996485
fc,m,23,NA,NA,NA,NA,NA,1,1,2,48,1,0.6275843999999324,1,0.6066663000001427
fc,m,23,NA,NA,NA,NA,NA,1,0,2,49,1,0.502499299999954,1,0.6323476000000028
fc,m,23,NA,NA,NA,NA,NA,1,1,2,50,1,0.5288389999998344,1,0.8557527000000391
fc,m,23,NA,NA,NA,NA,NA,0,1,2,51,1,0.35805709999999635,1,0.49095680000004904
fc,m,23,NA,NA,NA,NA,NA,0,1,2,52,1,0.34133459999998195,1,0.5226794000000154
fc,m,23,NA,NA,NA,NA,NA,0,0,2,53,1,0.28796360000001187,1,0.6112009000000853
fc,m,23,NA,NA,NA,NA,NA,1,1,2,54,1,0.572712700000011,1,0.5754322000000229
fc,m,23,NA,NA,NA,NA,NA,0,0,2,55,1,0.34844429999998283,0,0.4125902999999198
fc,m,23,NA,NA,NA,NA,NA,0,0,2,56,1,0.2951634999999442,1,0.44370920000005754
fc,m,23,NA,NA,NA,NA,NA,1,0,2,57,1,0.5458095000001322,1,0.5189347000000453
fc,m,23,NA,NA,NA,NA,NA,1,1,2,58,1,0.5158871999999519,1,0.6585492000001523
fc,m,23,NA,NA,NA,NA,NA,1,1,2,59,1,0.5321763000001738,1,0.6394543999999769
fc,m,23,NA,NA,NA,NA,NA,1,1,2,60,1,0.7492929999998523,1,0.5407980999998472
fc,m,23,NA,NA,NA,NA,NA,0,0,2,61,1,0.41649630000006255,1,0.6776308999999401
fc,m,23,NA,NA,NA,NA,NA,0,0,2,62,1,0.33780860000001667,1,0.5394067000001996
fc,m,23,NA,NA,NA,NA,NA,1,1,2,63,1,0.4977309000000787,1,0.5237352000001465
fc,m,23,NA,NA,NA,NA,NA,0,0,2,64,1,0.4541011000001163,1,0.8096713000002183
fc,m,23,NA,NA,NA,NA,NA,1,0,2,65,1,0.5140713999999207,1,0.7555746999998973
fc,m,23,NA,NA,NA,NA,NA,1,0,2,66,1,0.5274463000000651,1,0.7217099000001781
fc,m,23,NA,NA,NA,NA,NA,0,1,2,67,1,0.38358369999991737,1,0.6058879999998226
fc,m,23,NA,NA,NA,NA,NA,1,1,2,68,1,0.5224017999998978,1,0.6610325000001467
fc,m,23,NA,NA,NA,NA,NA,1,1,2,69,1,0.4895678999998836,1,0.5191403999999693
fc,m,23,NA,NA,NA,NA,NA,1,1,2,70,1,0.5453399000000445,1,0.5488602999998875
fc,m,23,NA,NA,NA,NA,NA,1,1,2,71,1,0.5284059000000525,1,0.5585871999999199
fc,m,23,NA,NA,NA,NA,NA,1,1,2,72,1,0.5481044000000566,1,0.6514122000000953
fc,m,23,NA,NA,NA,NA,NA,1,1,2,73,1,0.5054589999999735,1,0.4103268000001208
fc,m,23,NA,NA,NA,NA,NA,1,0,2,74,1,0.5543883000000278,1,0.6665133999999853
fc,m,23,NA,NA,NA,NA,NA,1,1,2,75,1,0.6795597000000271,1,0.5476539000001139
fc,m,23,NA,NA,NA,NA,NA,0,0,2,76,1,0.4746853999999985,1,0.7652004999999917
fc,m,23,NA,NA,NA,NA,NA,1,0,2,77,1,0.5054015000000618,1,0.7008326000000125
fc,m,23,NA,NA,NA,NA,NA,0,1,2,78,1,0.35653690000003735,1,0.5462522000000263
fc,m,23,NA,NA,NA,NA,NA,1,1,2,79,1,0.43614580000007663,1,0.4990319000000909
fc,m,23,NA,NA,NA,NA,NA,NA,NA,2,NA,NA,NA,NA,NA
fc,m,23,NA,NA,NA,NA,NA,0,1,3,0,1,0.37757779999992636,1,0.4606628000001365
fc,m,23,NA,NA,NA,NA,NA,0,1,3,1,1,0.3242685000000165,1,0.42380449999996017
fc,m,23,NA,NA,NA,NA,NA,0,1,3,2,1,0.40277450000007775,1,0.3460362000000714
fc,m,23,NA,NA,NA,NA,NA,0,1,3,3,1,0.3325075000000197,1,0.30923649999999725
fc,m,23,NA,NA,NA,NA,NA,0,0,3,4,1,0.4053432000000612,0,0.2972088999999869
fc,m,23,NA,NA,NA,NA,NA,0,1,3,5,1,0.3060078999999405,1,0.5774644000000535
fc,m,23,NA,NA,NA,NA,NA,1,0,3,6,1,0.5091557000000648,1,0.6176719000000048
fc,m,23,NA,NA,NA,NA,NA,0,1,3,7,1,0.32087490000003527,1,0.5804574999999659
fc,m,23,NA,NA,NA,NA,NA,0,0,3,8,1,0.28334829999994326,1,0.7607640000001084
fc,m,23,NA,NA,NA,NA,NA,1,0,3,9,1,0.48278529999993225,1,0.478822799999989
fc,m,23,NA,NA,NA,NA,NA,0,0,3,10,1,0.3043066000000181,1,0.41656509999984337
fc,m,23,NA,NA,NA,NA,NA,1,1,3,11,1,0.5121101000002,1,0.5670489999999972
fc,m,23,NA,NA,NA,NA,NA,1,0,3,12,1,0.5394743000001654,1,0.6642728000001625
fc,m,23,NA,NA,NA,NA,NA,0,1,3,13,1,0.3225958999998966,1,0.5283320999999432
fc,m,23,NA,NA,NA,NA,NA,1,1,3,14,1,0.515183400000069,1,0.5921891000000414
fc,m,23,NA,NA,NA,NA,NA,0,0,3,15,1,0.45042209999996885,0,0.6639126000000033
fc,m,23,NA,NA,NA,NA,NA,1,0,3,16,1,0.5427644000001237,1,0.6152973000000657
fc,m,23,NA,NA,NA,NA,NA,0,1,3,17,1,0.4859103999999661,1,0.6866064000000733
fc,m,23,NA,NA,NA,NA,NA,1,1,3,18,1,0.49335869999981696,1,0.8117621000001236
fc,m,23,NA,NA,NA,NA,NA,0,0,3,19,1,0.44170950000011544,1,0.83808769999996
fc,m,23,NA,NA,NA,NA,NA,1,1,3,20,1,0.5036808999998357,1,0.5463729999999032
fc,m,23,NA,NA,NA,NA,NA,0,1,3,21,1,0.31798890000004576,1,0.43007650000004105
fc,m,23,NA,NA,NA,NA,NA,0,1,3,22,1,0.3337690000000748,1,0.3784232000000429
fc,m,23,NA,NA,NA,NA,NA,1,0,3,23,1,0.46371559999988676,0,0.43737209999994775
fc,m,23,NA,NA,NA,NA,NA,0,0,3,24,1,0.39696890000004714,1,0.48727389999999104
fc,m,23,NA,NA,NA,NA,NA,1,0,3,25,1,0.44316440000011426,0,0.8583598000000165
fc,m,23,NA,NA,NA,NA,NA,0,0,3,26,1,0.2935273999999026,1,0.8899571999997988
fc,m,23,NA,NA,NA,NA,NA,1,0,3,27,1,0.4879534000001513,1,0.5914746999999352
fc,m,23,NA,NA,NA,NA,NA,1,1,3,28,1,0.6067350999999235,1,1.2106516000001193
fc,m,23,NA,NA,NA,NA,NA,1,1,3,29,1,0.525318900000002,1,0.6843800000001465
fc,m,23,NA,NA,NA,NA,NA,1,0,3,30,1,0.5012209999999868,1,0.6140257000001839
fc,m,23,NA,NA,NA,NA,NA,0,0,3,31,1,0.37192929999991975,1,0.644196299999976
fc,m,23,NA,NA,NA,NA,NA,0,1,3,32,1,0.3533199999999397,1,0.5960282999999436
fc,m,23,NA,NA,NA,NA,NA,1,1,3,33,1,0.5057004000000234,1,0.5256517999998778
fc,m,23,NA,NA,NA,NA,NA,0,0,3,34,1,0.33359820000009677,1,0.6755021000001307
fc,m,23,NA,NA,NA,NA,NA,1,1,3,35,1,0.5063857000000098,1,0.5511619999999766
fc,m,23,NA,NA,NA,NA,NA,1,1,3,36,1,0.49278340000000753,1,0.4659694000001764
fc,m,23,NA,NA,NA,NA,NA,1,0,3,37,1,0.4921497999998792,1,0.55784429999994245
fc,m,23,NA,NA,NA,NA,NA,0,0,3,38,1,0.3158020000000761,1,0.6280874999999924
fc,m,23,NA,NA,NA,NA,NA,1,0,3,39,1,0.5374349000001075,1,0.6110326000000441
fc,m,23,NA,NA,NA,NA,NA,0,1,3,40,1,0.3888266000001295,1,0.43566489999989244
fc,m,23,NA,NA,NA,NA,NA,0,1,3,41,1,0.4354620999999952,1,0.3655429999998887
fc,m,23,NA,NA,NA,NA,NA,1,1,3,42,1,0.6268490999998448,1,0.635636599999998
fc,m,23,NA,NA,NA,NA,NA,1,1,3,43,1,0.4771335000000363,1,0.5535803999998734
fc,m,23,NA,NA,NA,NA,NA,1,0,3,44,1,0.5089666999999736,0,0.38197660000014366
fc,m,23,NA,NA,NA,NA,NA,0,0,3,45,1,0.3749712000001182,1,0.6631440000001021
fc,m,23,NA,NA,NA,NA,NA,0,1,3,46,1,0.6083859999998822,1,0.48549359999992703
fc,m,23,NA,NA,NA,NA,NA,1,0,3,47,1,0.5081612999999834,1,0.684387999999899
fc,m,23,NA,NA,NA,NA,NA,0,0,3,48,1,0.4362481000000571,1,0.6747499999999036
fc,m,23,NA,NA,NA,NA,NA,1,0,3,49,1,0.46555020000005243,1,0.6176583999999821
fc,m,23,NA,NA,NA,NA,NA,1,1,3,50,1,0.47123020000003635,1,0.592229499999803
fc,m,23,NA,NA,NA,NA,NA,1,1,3,51,1,0.48119950000000244,1,0.591580600000043
fc,m,23,NA,NA,NA,NA,NA,1,1,3,52,1,0.47321209999995517,1,0.5283380999999281
fc,m,23,NA,NA,NA,NA,NA,1,1,3,53,1,0.4576920000001792,1,0.4233451000000059
fc,m,23,NA,NA,NA,NA,NA,0,0,3,54,1,0.3647142999998323,0,0.42038549999983843
fc,m,23,NA,NA,NA,NA,NA,0,0,3,55,1,0.4581573999998909,1,0.7311139000000821
fc,m,23,NA,NA,NA,NA,NA,1,0,3,56,1,0.5126547999998365,1,0.6143211000000974
fc,m,23,NA,NA,NA,NA,NA,0,1,3,57,1,0.4101979999998093,1,0.6268142999999782
fc,m,23,NA,NA,NA,NA,NA,1,1,3,58,1,0.5321380000000318,1,0.5838717999999972
fc,m,23,NA,NA,NA,NA,NA,0,1,3,59,1,0.5838117999999213,1,0.518842100000029
fc,m,23,NA,NA,NA,NA,NA,0,1,3,60,1,0.5198765000000094,1,0.48366980000014337
fc,m,23,NA,NA,NA,NA,NA,1,1,3,61,1,0.5213377000000037,1,0.5387774999999237
fc,m,23,NA,NA,NA,NA,NA,1,0,3,62,1,0.49226309999994555,0,0.45879790000003595
fc,m,23,NA,NA,NA,NA,NA,1,0,3,63,1,0.46990679999998974,1,0.6019845999999234
fc,m,23,NA,NA,NA,NA,NA,1,1,3,64,1,0.5107977000000119,0,0.4859834999999748
fc,m,23,NA,NA,NA,NA,NA,0,0,3,65,1,0.4225894999999582,1,0.6259589999999662
fc,m,23,NA,NA,NA,NA,NA,1,1,3,66,1,0.520799899999929,1,0.6426192000001265
fc,m,23,NA,NA,NA,NA,NA,0,1,3,67,1,0.3720181999999568,1,0.5331174000000374
fc,m,23,NA,NA,NA,NA,NA,0,0,3,68,1,0.3039911000000757,0,0.5357010000000173
fc,m,23,NA,NA,NA,NA,NA,0,0,3,69,1,0.2942864000001464,0,0.485305500000095
fc,m,23,NA,NA,NA,NA,NA,1,0,3,70,1,0.4929724000000988,1,0.5101672999999209
fc,m,23,NA,NA,NA,NA,NA,0,1,3,71,1,0.3464098000001741,1,0.5229002999999466
fc,m,23,NA,NA,NA,NA,NA,1,1,3,72,1,0.5443534000000909,1,0.48670530000003964
fc,m,23,NA,NA,NA,NA,NA,1,0,3,73,1,0.5125290000000859,1,0.602300600000035
fc,m,23,NA,NA,NA,NA,NA,0,1,3,74,1,0.4232750000001033,1,0.5823892000000797
fc,m,23,NA,NA,NA,NA,NA,1,0,3,75,1,0.5503407999999581,0,0.4852136000001792
fc,m,23,NA,NA,NA,NA,NA,0,0,3,76,1,0.9523183999999674,1,0.5749495000000024
fc,m,23,NA,NA,NA,NA,NA,0,0,3,77,1,0.32775070000002415,1,0.8043855000000804
fc,m,23,NA,NA,NA,NA,NA,1,0,3,78,1,0.4915487000000667,1,0.557010499999933
fc,m,23,NA,NA,NA,NA,NA,0,0,3,79,1,0.3350593000000117,1,0.5208218000000215
fc,m,23,NA,NA,NA,NA,NA,NA,NA,3,NA,NA,NA,NA,NA
wm,f,18,1,NA,NA,1,1.317481799999996,NA,NA,NA,NA,NA,NA,NA,NA
wm,f,18,2,NA,NA,1,0.6288159000000064,NA,NA,NA,NA,NA,NA,NA,NA
wm,f,18,1,NA,NA,1,0.9856090000000108,NA,NA,NA,NA,NA,NA,NA,NA
wm,f,18,2,NA,NA,1,0.8980189999999766,NA,NA,NA,NA,NA,NA,NA,NA
wm,f,18,1,NA,NA,1,1.0953478000000132,NA,NA,NA,NA,NA,NA,NA,NA
wm,f,18,2,NA,NA,1,0.8138497999999572,NA,NA,NA,NA,NA,NA,NA,NA
wm,f,18,1,NA,NA,1,0.9744382999999743,NA,NA,NA,NA,NA,NA,NA,NA
wm,f,18,2,NA,NA,1,0.719597599999986,NA,NA,NA,NA,NA,NA,NA,NA
wm,f,18,1,NA,NA,1,0.7861833999999703,NA,NA,NA,NA,NA,NA,NA,NA
wm,f,18,2,NA,NA,1,1.4655382999999915,NA,NA,NA,NA,NA,NA,NA,NA
wm,f,18,1,NA,NA,0,1.697531099999992,NA,NA,NA,NA,NA,NA,NA,NA
wm,f,18,2,NA,NA,1,1.4230501000000118,NA,NA,NA,NA,NA,NA,NA,NA
wm,f,18,1,NA,NA,1,1.4747507000000155,NA,NA,NA,NA,NA,NA,NA,NA
wm,f,18,2,NA,NA,1,0.6645148000000063,NA,NA,NA,NA,NA,NA,NA,NA
wm,f,18,1,NA,NA,1,0.6244888999999603,NA,NA,NA,NA,NA,NA,NA,NA
wm,f,18,2,NA,NA,1,0.69586129999999,NA,NA,NA,NA,NA,NA,NA,NA
wm,f,18,1,NA,NA,1,0.8367514000000256,NA,NA,NA,NA,NA,NA,NA,NA
wm,f,18,2,NA,NA,1,0.626262200000042,NA,NA,NA,NA,NA,NA,NA,NA
wm,f,18,1,NA,NA,1,0.7648148999999762,NA,NA,NA,NA,NA,NA,NA,NA
wm,f,18,2,NA,NA,1,0.6254938000000152,NA,NA,NA,NA,NA,NA,NA,NA
wm,f,18,NA,NA,NA,NA,NA,NA,NA,NA,NA,NA,NA,NA,NA
wm,f,18,1,0,NA,1,0.4650101999999947,NA,NA,NA,NA,NA,NA,NA,NA
wm,f,18,2,1,NA,1,0.6931791000000089,NA,NA,NA,NA,NA,NA,NA,NA
wm,f,18,1,2,NA,1,0.7912830999999869,NA,NA,NA,NA,NA,NA,NA,NA
wm,f,18,2,3,NA,1,0.6155611000000363,NA,NA,NA,NA,NA,NA,NA,NA
wm,f,18,1,4,NA,1,0.7379516999999964,NA,NA,NA,NA,NA,NA,NA,NA
wm,f,18,2,5,NA,1,0.6652155999999536,NA,NA,NA,NA,NA,NA,NA,NA
wm,f,18,1,6,NA,1,0.8961192999999525,NA,NA,NA,NA,NA,NA,NA,NA
wm,f,18,2,7,NA,1,0.8286562000000117,NA,NA,NA,NA,NA,NA,NA,NA
wm,f,18,1,8,NA,1,0.5489003000000139,NA,NA,NA,NA,NA,NA,NA,NA
wm,f,18,2,9,NA,1,0.7811374000000342,NA,NA,NA,NA,NA,NA,NA,NA
wm,f,18,1,10,NA,1,0.8028697000000307,NA,NA,NA,NA,NA,NA,NA,NA
wm,f,18,2,11,NA,1,0.6498664999999733,NA,NA,NA,NA,NA,NA,NA,NA
wm,f,18,1,12,NA,1,1.2527478999999744,NA,NA,NA,NA,NA,NA,NA,NA
wm,f,18,2,13,NA,1,0.6826138000000128,NA,NA,NA,NA,NA,NA,NA,NA
wm,f,18,1,14,NA,0,1.0439033000000109,NA,NA,NA,NA,NA,NA,NA,NA
wm,f,18,2,15,NA,1,0.7883540999999923,NA,NA,NA,NA,NA,NA,NA,NA
wm,f,18,1,16,NA,1,1.0957279999999514,NA,NA,NA,NA,NA,NA,NA,NA
wm,f,18,2,17,NA,1,0.6795470999999793,NA,NA,NA,NA,NA,NA,NA,NA
wm,f,18,1,18,NA,1,1.840328100000022,NA,NA,NA,NA,NA,NA,NA,NA
wm,f,18,2,19,NA,1,0.617374199999972,NA,NA,NA,NA,NA,NA,NA,NA
wm,f,18,1,20,NA,1,0.7206151000000318,NA,NA,NA,NA,NA,NA,NA,NA
wm,f,18,2,21,NA,1,0.6856016000000409,NA,NA,NA,NA,NA,NA,NA,NA
wm,f,18,1,22,NA,1,1.4622148000000834,NA,NA,NA,NA,NA,NA,NA,NA
wm,f,18,2,23,NA,1,0.6156714999999622,NA,NA,NA,NA,NA,NA,NA,NA
wm,f,18,1,24,NA,1,0.8709387000000106,NA,NA,NA,NA,NA,NA,NA,NA
wm,f,18,2,25,NA,1,0.6197210999999925,NA,NA,NA,NA,NA,NA,NA,NA
wm,f,18,1,26,NA,1,0.7373302999999396,NA,NA,NA,NA,NA,NA,NA,NA
wm,f,18,2,27,NA,1,0.5403539000000137,NA,NA,NA,NA,NA,NA,NA,NA
wm,f,18,1,28,NA,1,1.012348999999972,NA,NA,NA,NA,NA,NA,NA,NA
wm,f,18,2,29,NA,1,0.4859380999999985,NA,NA,NA,NA,NA,NA,NA,NA
wm,f,18,1,30,NA,1,1.2882571999999755,NA,NA,NA,NA,NA,NA,NA,NA
wm,f,18,2,31,NA,1,0.6261803999999529,NA,NA,NA,NA,NA,NA,NA,NA
wm,f,18,1,32,NA,1,1.4379445000000715,NA,NA,NA,NA,NA,NA,NA,NA
wm,f,18,2,33,NA,1,0.4621478000000252,NA,NA,NA,NA,NA,NA,NA,NA
wm,f,18,1,34,NA,1,0.8885107999999491,NA,NA,NA,NA,NA,NA,NA,NA
wm,f,18,2,35,NA,1,0.6239461999999776,NA,NA,NA,NA,NA,NA,NA,NA
wm,f,18,1,36,NA,1,1.794599299999959,NA,NA,NA,NA,NA,NA,NA,NA
wm,f,18,2,37,NA,1,0.6924787000000379,NA,NA,NA,NA,NA,NA,NA,NA
wm,f,18,1,38,NA,1,1.247572200000036,NA,NA,NA,NA,NA,NA,NA,NA
wm,f,18,2,39,NA,1,0.6417420999999877,NA,NA,NA,NA,NA,NA,NA,NA
wm,f,18,1,40,NA,1,1.0757791999999426,NA,NA,NA,NA,NA,NA,NA,NA
wm,f,18,2,41,NA,1,0.639567399999919,NA,NA,NA,NA,NA,NA,NA,NA
wm,f,18,1,42,NA,1,1.6692534000000023,NA,NA,NA,NA,NA,NA,NA,NA
wm,f,18,2,43,NA,1,0.533423300000095,NA,NA,NA,NA,NA,NA,NA,NA
wm,f,18,1,44,NA,1,0.8141286000000036,NA,NA,NA,NA,NA,NA,NA,NA
wm,f,18,2,45,NA,1,0.5475847000000158,NA,NA,NA,NA,NA,NA,NA,NA
wm,f,18,1,46,NA,1,0.9167191999999886,NA,NA,NA,NA,NA,NA,NA,NA
wm,f,18,2,47,NA,1,0.5018574999999146,NA,NA,NA,NA,NA,NA,NA,NA
wm,f,18,1,48,NA,1,1.618203200000039,NA,NA,NA,NA,NA,NA,NA,NA
wm,f,18,2,49,NA,1,0.6226258000000371,NA,NA,NA,NA,NA,NA,NA,NA
wm,f,18,1,50,NA,1,1.0483137999999599,NA,NA,NA,NA,NA,NA,NA,NA
wm,f,18,2,51,NA,1,0.7882167000000209,NA,NA,NA,NA,NA,NA,NA,NA
wm,f,18,1,52,NA,1,1.2381859999999278,NA,NA,NA,NA,NA,NA,NA,NA
wm,f,18,2,53,NA,1,1.3222053000000642,NA,NA,NA,NA,NA,NA,NA,NA
wm,f,18,1,54,NA,1,1.2053988999999774,NA,NA,NA,NA,NA,NA,NA,NA
wm,f,18,2,55,NA,1,0.6739893000000166,NA,NA,NA,NA,NA,NA,NA,NA
wm,f,18,1,56,NA,1,1.4849212999999963,NA,NA,NA,NA,NA,NA,NA,NA
wm,f,18,2,57,NA,1,0.9943782000000283,NA,NA,NA,NA,NA,NA,NA,NA
wm,f,18,1,58,NA,1,1.2340634999999338,NA,NA,NA,NA,NA,NA,NA,NA
wm,f,18,2,59,NA,1,1.2031388000000334,NA,NA,NA,NA,NA,NA,NA,NA
wm,f,18,1,60,NA,1,0.6607718000000204,NA,NA,NA,NA,NA,NA,NA,NA
wm,f,18,2,61,NA,1,0.6068377000000282,NA,NA,NA,NA,NA,NA,NA,NA
wm,f,18,1,62,NA,1,1.471584200000052,NA,NA,NA,NA,NA,NA,NA,NA
wm,f,18,2,63,NA,1,0.8499648000000661,NA,NA,NA,NA,NA,NA,NA,NA
wm,f,18,1,64,NA,1,1.3600315999999566,NA,NA,NA,NA,NA,NA,NA,NA
wm,f,18,2,65,NA,1,0.5196190999999999,NA,NA,NA,NA,NA,NA,NA,NA
wm,f,18,1,66,NA,1,0.8022730000000138,NA,NA,NA,NA,NA,NA,NA,NA
wm,f,18,2,67,NA,1,0.9950268000000051,NA,NA,NA,NA,NA,NA,NA,NA
wm,f,18,1,68,NA,1,2.0762346999999863,NA,NA,NA,NA,NA,NA,NA,NA
wm,f,18,2,69,NA,0,0.6865333000000646,NA,NA,NA,NA,NA,NA,NA,NA
wm,f,18,1,70,NA,1,1.599563499999931,NA,NA,NA,NA,NA,NA,NA,NA
wm,f,18,2,71,NA,1,1.1438471000000163,NA,NA,NA,NA,NA,NA,NA,NA
wm,f,18,1,72,NA,1,0.619423299999994,NA,NA,NA,NA,NA,NA,NA,NA
wm,f,18,2,73,NA,1,1.1077086000000236,NA,NA,NA,NA,NA,NA,NA,NA
wm,f,18,1,74,NA,1,2.5891493999999966,NA,NA,NA,NA,NA,NA,NA,NA
wm,f,18,2,75,NA,1,1.0284005000000889,NA,NA,NA,NA,NA,NA,NA,NA
wm,f,18,1,76,NA,1,0.8904340000000275,NA,NA,NA,NA,NA,NA,NA,NA
wm,f,18,2,77,NA,1,0.9375953999999638,NA,NA,NA,NA,NA,NA,NA,NA
wm,f,18,1,78,NA,1,0.8410776999999143,NA,NA,NA,NA,NA,NA,NA,NA
wm,f,18,2,79,NA,1,0.5705143999999791,NA,NA,NA,NA,NA,NA,NA,NA
wm,f,18,1,NA,0,1,1.3767329999999447,NA,NA,NA,NA,NA,NA,NA,NA
wm,f,18,2,NA,1,1,0.6598395999999411,NA,NA,NA,NA,NA,NA,NA,NA
wm,f,18,1,NA,2,0,0.75802740000006,NA,NA,NA,NA,NA,NA,NA,NA
wm,f,18,2,NA,3,0,0.8664218000000119,NA,NA,NA,NA,NA,NA,NA,NA
wm,f,18,1,NA,4,1,4.251435499999957,NA,NA,NA,NA,NA,NA,NA,NA
wm,f,18,2,NA,5,1,0.7454980999999634,NA,NA,NA,NA,NA,NA,NA,NA
wm,f,18,1,NA,6,1,0.9942303000000265,NA,NA,NA,NA,NA,NA,NA,NA
wm,f,18,2,NA,7,1,0.6993614000000434,NA,NA,NA,NA,NA,NA,NA,NA
wm,f,18,1,NA,8,1,1.0732907999999952,NA,NA,NA,NA,NA,NA,NA,NA
wm,f,18,2,NA,9,1,0.6584543999999823,NA,NA,NA,NA,NA,NA,NA,NA
wm,f,18,1,NA,10,1,0.6698979000000236,NA,NA,NA,NA,NA,NA,NA,NA
wm,f,18,2,NA,11,1,0.7273966999999857,NA,NA,NA,NA,NA,NA,NA,NA
wm,f,18,1,NA,12,1,1.057989799999973,NA,NA,NA,NA,NA,NA,NA,NA
wm,f,18,2,NA,13,1,0.6530698999999913,NA,NA,NA,NA,NA,NA,NA,NA
wm,f,18,1,NA,14,1,0.6443277999999282,NA,NA,NA,NA,NA,NA,NA,NA
wm,f,18,2,NA,15,1,0.5220521999999619,NA,NA,NA,NA,NA,NA,NA,NA
wm,f,18,1,NA,16,1,0.6859633000000258,NA,NA,NA,NA,NA,NA,NA,NA
wm,f,18,2,NA,17,1,0.5907925000000205,NA,NA,NA,NA,NA,NA,NA,NA
wm,f,18,1,NA,18,1,3.2189087000000427,NA,NA,NA,NA,NA,NA,NA,NA
wm,f,18,2,NA,19,1,0.6982214000000795,NA,NA,NA,NA,NA,NA,NA,NA
wm,f,18,1,NA,20,1,1.0008209999999735,NA,NA,NA,NA,NA,NA,NA,NA
wm,f,18,2,NA,21,1,0.6885730000000194,NA,NA,NA,NA,NA,NA,NA,NA
wm,f,18,1,NA,22,1,1.7079281000000037,NA,NA,NA,NA,NA,NA,NA,NA
wm,f,18,2,NA,23,1,0.5889707000000044,NA,NA,NA,NA,NA,NA,NA,NA
wm,f,18,1,NA,24,1,0.660243600000058,NA,NA,NA,NA,NA,NA,NA,NA
wm,f,18,2,NA,25,1,1.2423799999999119,NA,NA,NA,NA,NA,NA,NA,NA
wm,f,18,1,NA,26,1,0.7708562999999913,NA,NA,NA,NA,NA,NA,NA,NA
wm,f,18,2,NA,27,1,0.8034303999999111,NA,NA,NA,NA,NA,NA,NA,NA
wm,f,18,1,NA,28,1,0.6018794000000298,NA,NA,NA,NA,NA,NA,NA,NA
wm,f,18,2,NA,29,1,1.0778894999999693,NA,NA,NA,NA,NA,NA,NA,NA
wm,f,18,1,NA,30,1,1.3473007999999709,NA,NA,NA,NA,NA,NA,NA,NA
wm,f,18,2,NA,31,1,0.7294895999999653,NA,NA,NA,NA,NA,NA,NA,NA
wm,f,18,1,NA,32,1,1.6442859999999655,NA,NA,NA,NA,NA,NA,NA,NA
wm,f,18,2,NA,33,1,1.6780320000000302,NA,NA,NA,NA,NA,NA,NA,NA
wm,f,18,1,NA,34,1,1.0053560000000061,NA,NA,NA,NA,NA,NA,NA,NA
wm,f,18,2,NA,35,1,0.7673795999999129,NA,NA,NA,NA,NA,NA,NA,NA
wm,f,18,1,NA,36,1,1.1212456999999176,NA,NA,NA,NA,NA,NA,NA,NA
wm,f,18,2,NA,37,1,0.8589425999999776,NA,NA,NA,NA,NA,NA,NA,NA
wm,f,18,1,NA,38,1,1.8953897000000097,NA,NA,NA,NA,NA,NA,NA,NA
wm,f,18,2,NA,39,1,0.6514316000000235,NA,NA,NA,NA,NA,NA,NA,NA
wm,f,18,1,NA,40,0,1.6947567999999364,NA,NA,NA,NA,NA,NA,NA,NA
wm,f,18,2,NA,41,1,1.1331147000000783,NA,NA,NA,NA,NA,NA,NA,NA
wm,f,18,1,NA,42,1,0.7815087999999832,NA,NA,NA,NA,NA,NA,NA,NA
wm,f,18,2,NA,43,1,2.2200523000000203,NA,NA,NA,NA,NA,NA,NA,NA
wm,f,18,1,NA,44,1,0.7982753000000002,NA,NA,NA,NA,NA,NA,NA,NA
wm,f,18,2,NA,45,1,0.6870949999999993,NA,NA,NA,NA,NA,NA,NA,NA
wm,f,18,1,NA,46,1,1.7633116000000655,NA,NA,NA,NA,NA,NA,NA,NA
wm,f,18,2,NA,47,1,0.8776224999999158,NA,NA,NA,NA,NA,NA,NA,NA
wm,f,18,1,NA,48,1,1.0046230000000378,NA,NA,NA,NA,NA,NA,NA,NA
wm,f,18,2,NA,49,1,0.75248739999995,NA,NA,NA,NA,NA,NA,NA,NA
wm,f,18,1,NA,50,1,1.4500507000000198,NA,NA,NA,NA,NA,NA,NA,NA
wm,f,18,2,NA,51,1,0.8277017999999998,NA,NA,NA,NA,NA,NA,NA,NA
wm,f,18,1,NA,52,1,2.4231051000000434,NA,NA,NA,NA,NA,NA,NA,NA
wm,f,18,2,NA,53,1,0.6707218000000239,NA,NA,NA,NA,NA,NA,NA,NA
wm,f,18,1,NA,54,1,1.4825984999999946,NA,NA,NA,NA,NA,NA,NA,NA
wm,f,18,2,NA,55,1,0.6201414999999315,NA,NA,NA,NA,NA,NA,NA,NA
wm,f,18,1,NA,56,1,0.6620874999999842,NA,NA,NA,NA,NA,NA,NA,NA
wm,f,18,2,NA,57,1,1.012097400000016,NA,NA,NA,NA,NA,NA,NA,NA
wm,f,18,1,NA,58,1,0.7151252999999542,NA,NA,NA,NA,NA,NA,NA,NA
wm,f,18,2,NA,59,1,0.6492528999999649,NA,NA,NA,NA,NA,NA,NA,NA
wm,f,18,1,NA,60,1,2.8891267999999855,NA,NA,NA,NA,NA,NA,NA,NA
wm,f,18,2,NA,61,1,0.5844961000000239,NA,NA,NA,NA,NA,NA,NA,NA
wm,f,18,1,NA,62,1,1.4536748000000443,NA,NA,NA,NA,NA,NA,NA,NA
wm,f,18,2,NA,63,1,2.0300647000000254,NA,NA,NA,NA,NA,NA,NA,NA
wm,f,18,1,NA,64,1,1.1475622000000385,NA,NA,NA,NA,NA,NA,NA,NA
wm,f,18,2,NA,65,1,0.6118500999999696,NA,NA,NA,NA,NA,NA,NA,NA
wm,f,18,1,NA,66,1,0.8133082000000513,NA,NA,NA,NA,NA,NA,NA,NA
wm,f,18,2,NA,67,1,0.6316626999999926,NA,NA,NA,NA,NA,NA,NA,NA
wm,f,18,1,NA,68,1,1.446539400000006,NA,NA,NA,NA,NA,NA,NA,NA
wm,f,18,2,NA,69,1,0.6046775999999454,NA,NA,NA,NA,NA,NA,NA,NA
wm,f,18,1,NA,70,1,0.6770901999999523,NA,NA,NA,NA,NA,NA,NA,NA
wm,f,18,2,NA,71,1,0.8318980000000238,NA,NA,NA,NA,NA,NA,NA,NA
wm,f,18,1,NA,72,0,1.316572199999996,NA,NA,NA,NA,NA,NA,NA,NA
wm,f,18,2,NA,73,1,0.6269118000000162,NA,NA,NA,NA,NA,NA,NA,NA
wm,f,18,1,NA,74,1,1.950898299999949,NA,NA,NA,NA,NA,NA,NA,NA
wm,f,18,2,NA,75,1,1.5469036999999162,NA,NA,NA,NA,NA,NA,NA,NA
wm,f,18,1,NA,76,1,1.5673149000000421,NA,NA,NA,NA,NA,NA,NA,NA
wm,f,18,2,NA,77,1,0.9771816999999601,NA,NA,NA,NA,NA,NA,NA,NA
wm,f,18,1,NA,78,1,1.5846364000000221,NA,NA,NA,NA,NA,NA,NA,NA
wm,f,18,2,NA,79,1,1.117055300000061,NA,NA,NA,NA,NA,NA,NA,NA
wm,f,18,NA,NA,NA,NA,NA,0,0,NA,NA,0,NA,1,1.6481095000000323
wm,f,18,NA,NA,NA,NA,NA,1,0,NA,NA,1,1.2402530999999044,1,1.5905152999999927
wm,f,18,NA,NA,NA,NA,NA,1,1,NA,NA,1,0.8772722999999587,1,0.7731089000000111
wm,f,18,NA,NA,NA,NA,NA,0,0,NA,NA,1,0.9420619999999644,1,1.0685969999999543
wm,f,18,NA,NA,NA,NA,NA,0,1,NA,NA,1,0.6181431999999631,1,1.1260896999999659
wm,f,18,NA,NA,NA,NA,NA,0,1,NA,NA,1,0.5201084999999921,1,0.813246900000081
wm,f,18,NA,NA,NA,NA,NA,1,0,NA,NA,1,1.0301602999999204,1,0.8369136000000026
wm,f,18,NA,NA,NA,NA,NA,1,1,NA,NA,1,0.5648328000000902,1,0.806284699999992
wm,f,18,NA,NA,NA,NA,NA,NA,NA,NA,NA,NA,NA,NA,NA
wm,f,18,NA,NA,NA,NA,NA,0,0,0,0,1,0.6508213000000751,1,0.945720700000038
wm,f,18,NA,NA,NA,NA,NA,1,0,0,1,1,0.4771114000000125,1,1.4643296000000419
wm,f,18,NA,NA,NA,NA,NA,1,0,0,2,1,0.8258759999999938,1,1.0306540999999925
wm,f,18,NA,NA,NA,NA,NA,1,1,0,3,1,0.49413110000000415,1,0.5603554000000486
wm,f,18,NA,NA,NA,NA,NA,1,1,0,4,0,NA,1,1.03858809999997
wm,f,18,NA,NA,NA,NA,NA,1,0,0,5,1,0.516335300000037,1,0.77960070000006
wm,f,18,NA,NA,NA,NA,NA,1,0,0,6,1,0.446722799999975,1,0.7324297000000115
wm,f,18,NA,NA,NA,NA,NA,0,1,0,7,1,0.421616599999993,1,0.5113313999999036
wm,f,18,NA,NA,NA,NA,NA,0,1,0,8,1,0.42820430000006127,1,1.0147571999999627
wm,f,18,NA,NA,NA,NA,NA,0,0,0,9,1,0.407780799999955,1,0.5403404999999566
wm,f,18,NA,NA,NA,NA,NA,1,0,0,10,1,0.45302809999998317,1,0.6399413999999979
wm,f,18,NA,NA,NA,NA,NA,0,0,0,11,1,0.38440960000002633,1,0.6231586999999763
wm,f,18,NA,NA,NA,NA,NA,1,1,0,12,1,0.4545663000000104,1,0.6828848000000107
wm,f,18,NA,NA,NA,NA,NA,0,1,0,13,1,0.41018659999997453,1,0.7151278000000048
wm,f,18,NA,NA,NA,NA,NA,0,1,0,14,1,0.3724493000000848,1,0.5549852000000328
wm,f,18,NA,NA,NA,NA,NA,0,1,0,15,1,0.5500283999999738,1,0.5995742000000064
wm,f,18,NA,NA,NA,NA,NA,0,0,0,16,1,0.3605255999999599,1,0.5746445000000904
wm,f,18,NA,NA,NA,NA,NA,1,1,0,17,1,0.6316958999999542,1,0.5429169999999885
wm,f,18,NA,NA,NA,NA,NA,0,1,0,18,1,0.33591149999995196,1,0.9248397000000068
wm,f,18,NA,NA,NA,NA,NA,0,0,0,19,1,0.41850690000001123,1,0.5320913000000473
wm,f,18,NA,NA,NA,NA,NA,0,0,0,20,1,0.48989719999997305,1,0.7209970000000112
wm,f,18,NA,NA,NA,NA,NA,1,1,0,21,1,0.7592157999999927,1,0.9271754999999757
wm,f,18,NA,NA,NA,NA,NA,1,1,0,22,1,0.4415521000000808,1,0.5813371000000416
wm,f,18,NA,NA,NA,NA,NA,1,1,0,23,1,0.4845684000000574,1,0.6351588999999649
wm,f,18,NA,NA,NA,NA,NA,1,1,0,24,1,0.47403220000001056,1,0.5704027000000451
wm,f,18,NA,NA,NA,NA,NA,0,0,0,25,1,0.44855119999999715,1,0.5049684000000525
wm,f,18,NA,NA,NA,NA,NA,0,1,0,26,1,0.3423530000000028,1,0.5521213000000671
wm,f,18,NA,NA,NA,NA,NA,0,1,0,27,1,0.3540851999999859,0,0.8850269000000708
wm,f,18,NA,NA,NA,NA,NA,0,0,0,28,1,0.36486360000003515,1,0.9500875999999607
wm,f,18,NA,NA,NA,NA,NA,1,1,0,29,1,0.4573113999999805,1,0.6865273999999317
wm,f,18,NA,NA,NA,NA,NA,1,0,0,30,1,0.4046541000000161,1,0.7630096999999978
wm,f,18,NA,NA,NA,NA,NA,1,1,0,31,1,0.4381497000000536,1,0.6098730999999589
wm,f,18,NA,NA,NA,NA,NA,0,1,0,32,1,0.4158151999999973,1,0.6256435999999894
wm,f,18,NA,NA,NA,NA,NA,1,1,0,33,1,0.4580532999999605,1,0.5852529000000004
wm,f,18,NA,NA,NA,NA,NA,0,0,0,34,1,0.36267820000000484,1,0.8645246000000952
wm,f,18,NA,NA,NA,NA,NA,0,0,0,35,1,0.30088339999997515,1,0.6388933000000634
wm,f,18,NA,NA,NA,NA,NA,0,0,0,36,1,0.3360949000000346,1,0.7357094999999845
wm,f,18,NA,NA,NA,NA,NA,1,1,0,37,1,0.5618021999999883,1,0.7225950000000694
wm,f,18,NA,NA,NA,NA,NA,1,1,0,38,1,0.5002539999999271,1,0.7525244000000839
wm,f,18,NA,NA,NA,NA,NA,1,0,0,39,1,0.4096413999999413,1,0.49053040000001147
wm,f,18,NA,NA,NA,NA,NA,0,1,0,40,1,0.3608275000000276,1,0.48872159999996256
wm,f,18,NA,NA,NA,NA,NA,0,0,0,41,1,0.3029616999999689,1,0.4653295000000526
wm,f,18,NA,NA,NA,NA,NA,0,1,0,42,1,0.32409610000001976,1,0.5836660999999594
wm,f,18,NA,NA,NA,NA,NA,1,0,0,43,1,0.39200180000000273,1,0.4809897999999748
wm,f,18,NA,NA,NA,NA,NA,1,0,0,44,1,0.4438945000000558,1,0.9930906000000732
wm,f,18,NA,NA,NA,NA,NA,0,0,0,45,1,0.4163391000000729,1,0.9441084000000046
wm,f,18,NA,NA,NA,NA,NA,1,1,0,46,1,0.39468380000005254,1,0.5685926999999538
wm,f,18,NA,NA,NA,NA,NA,1,0,0,47,1,0.6781164000000217,1,1.8038208999998915
wm,f,18,NA,NA,NA,NA,NA,0,0,0,48,1,0.5058965000000626,1,0.7764039999999568
wm,f,18,NA,NA,NA,NA,NA,0,0,0,49,1,0.407470099999955,1,0.5985717999999451
wm,f,18,NA,NA,NA,NA,NA,0,1,0,50,1,0.36104520000003504,1,0.6802190000000792
wm,f,18,NA,NA,NA,NA,NA,1,1,0,51,1,0.3816549999999097,1,0.6195617999999286
wm,f,18,NA,NA,NA,NA,NA,0,0,0,52,1,0.34469750000016575,1,0.5332232000000658
wm,f,18,NA,NA,NA,NA,NA,1,1,0,53,1,0.47253840000007585,1,0.6131246999998439
wm,f,18,NA,NA,NA,NA,NA,1,0,0,54,1,0.42225759999996626,1,0.5444514999999228
wm,f,18,NA,NA,NA,NA,NA,1,0,0,55,1,0.40570530000013605,1,0.6425526999998965
wm,f,18,NA,NA,NA,NA,NA,0,1,0,56,1,0.42721830000004957,1,0.7990714000000025
wm,f,18,NA,NA,NA,NA,NA,1,0,0,57,1,0.36454920000005586,1,0.5671333999998751
wm,f,18,NA,NA,NA,NA,NA,1,0,0,58,1,0.3535850999999184,1,0.5932081000000835
wm,f,18,NA,NA,NA,NA,NA,1,1,0,59,1,0.39552690000004986,1,0.5464774999998099
wm,f,18,NA,NA,NA,NA,NA,1,0,0,60,1,0.5042416999999659,1,0.4724094000000605
wm,f,18,NA,NA,NA,NA,NA,1,0,0,61,1,0.39201619999994364,1,0.9632156000000123
wm,f,18,NA,NA,NA,NA,NA,0,1,0,62,1,0.3535882999999558,1,0.5064899999999852
wm,f,18,NA,NA,NA,NA,NA,0,0,0,63,1,0.35309910000000855,1,0.7723051999998916
wm,f,18,NA,NA,NA,NA,NA,0,1,0,64,1,0.33975680000003194,1,0.5092804999999316
wm,f,18,NA,NA,NA,NA,NA,1,1,0,65,1,0.42067760000009,1,2.146853599999986
wm,f,18,NA,NA,NA,NA,NA,0,0,0,66,1,0.41748710000001665,1,0.5742076999999881
wm,f,18,NA,NA,NA,NA,NA,1,1,0,67,1,0.7634010000001581,1,0.5804551999999603
wm,f,18,NA,NA,NA,NA,NA,0,1,0,68,1,0.3706431000000521,1,0.7286589999998796
wm,f,18,NA,NA,NA,NA,NA,0,0,0,69,1,0.4073978999999781,1,0.5513593000000583
wm,f,18,NA,NA,NA,NA,NA,1,0,0,70,1,0.3650654000000486,1,0.5853783999998541
wm,f,18,NA,NA,NA,NA,NA,0,0,0,71,1,0.37814140000000407,1,0.8161660000000666
wm,f,18,NA,NA,NA,NA,NA,0,1,0,72,1,0.3133048999998209,1,0.7781367000000046
wm,f,18,NA,NA,NA,NA,NA,1,0,0,73,1,1.0743870999999672,1,0.681856899999957
wm,f,18,NA,NA,NA,NA,NA,1,0,0,74,1,0.4962173999999777,1,0.8788241999998263
wm,f,18,NA,NA,NA,NA,NA,1,0,0,75,1,0.3887523999999303,1,0.7165013999999701
wm,f,18,NA,NA,NA,NA,NA,1,1,0,76,1,0.7717430999998669,1,0.6538567000000057
wm,f,18,NA,NA,NA,NA,NA,0,1,0,77,1,0.35735639999984414,1,0.5894934999998895
wm,f,18,NA,NA,NA,NA,NA,0,1,0,78,1,0.353215199999795,1,0.6098962999999458
wm,f,18,NA,NA,NA,NA,NA,0,1,0,79,1,0.31299939999985327,1,0.5627781999999115
wm,f,18,NA,NA,NA,NA,NA,NA,NA,0,NA,NA,NA,NA,NA
wm,f,18,NA,NA,NA,NA,NA,1,1,1,0,1,0.4350615000000744,1,0.5831281000000672
wm,f,18,NA,NA,NA,NA,NA,0,1,1,1,1,0.2944596999998339,1,0.4619007999999667
wm,f,18,NA,NA,NA,NA,NA,0,1,1,2,1,0.3045887999999195,1,0.4844176999999945
wm,f,18,NA,NA,NA,NA,NA,1,0,1,3,1,0.3548921999999948,1,0.5114896000000044
wm,f,18,NA,NA,NA,NA,NA,1,1,1,4,1,0.39331960000004074,1,0.48999559999992925
wm,f,18,NA,NA,NA,NA,NA,0,1,1,5,1,0.3106917000000067,1,0.5512357000000065
wm,f,18,NA,NA,NA,NA,NA,1,0,1,6,1,0.5376913999998578,1,0.6005384000000049
wm,f,18,NA,NA,NA,NA,NA,0,1,1,7,1,0.3120159000000058,1,0.9790508000000955
wm,f,18,NA,NA,NA,NA,NA,1,0,1,8,1,0.6727705000000697,1,0.44039090000001124
wm,f,18,NA,NA,NA,NA,NA,1,0,1,9,1,0.45623969999996916,1,0.6084180000000288
wm,f,18,NA,NA,NA,NA,NA,1,1,1,10,1,0.533890700000029,1,0.5440496000001076
wm,f,18,NA,NA,NA,NA,NA,0,1,1,11,1,0.3673341999999593,1,0.4926532999998017
wm,f,18,NA,NA,NA,NA,NA,0,1,1,12,1,0.5820570000000771,1,0.5615928000001986
wm,f,18,NA,NA,NA,NA,NA,1,0,1,13,1,0.3651615999999649,1,0.9890603000001192
wm,f,18,NA,NA,NA,NA,NA,0,0,1,14,1,0.3291839999999411,1,0.6899729999997817
wm,f,18,NA,NA,NA,NA,NA,0,0,1,15,1,0.4556153999999424,0,0.5274875000000065
wm,f,18,NA,NA,NA,NA,NA,0,0,1,16,1,0.4307114000000638,1,0.8916243999999551
wm,f,18,NA,NA,NA,NA,NA,1,0,1,17,1,0.45851379999999153,1,0.5310241999998198
wm,f,18,NA,NA,NA,NA,NA,0,1,1,18,1,0.7502592000000732,1,0.5698463000001084
wm,f,18,NA,NA,NA,NA,NA,1,1,1,19,1,0.4180417000000034,1,0.562546999999995
wm,f,18,NA,NA,NA,NA,NA,0,0,1,20,1,0.3704305999999633,1,0.649711600000046
wm,f,18,NA,NA,NA,NA,NA,1,0,1,21,1,0.8949568000000454,1,1.1855005999998411
wm,f,18,NA,NA,NA,NA,NA,0,0,1,22,1,0.3362880999998197,1,1.3756972000001042
wm,f,18,NA,NA,NA,NA,NA,0,0,1,23,1,0.4157934000002115,1,0.9394313000000238
wm,f,18,NA,NA,NA,NA,NA,0,1,1,24,1,0.38893080000002556,1,0.58393389999992
wm,f,18,NA,NA,NA,NA,NA,0,1,1,25,1,0.2678381000000627,1,0.6422673999998096
wm,f,18,NA,NA,NA,NA,NA,0,0,1,26,1,0.3736693999999261,1,1.2102277000001322
wm,f,18,NA,NA,NA,NA,NA,1,0,1,27,1,0.5132786000001488,1,1.334016100000099
wm,f,18,NA,NA,NA,NA,NA,0,0,1,28,1,0.3486485000000812,1,0.6033277999999882
wm,f,18,NA,NA,NA,NA,NA,0,1,1,29,1,0.3686952000000474,1,0.6224308000000747
wm,f,18,NA,NA,NA,NA,NA,0,0,1,30,1,0.3518845000000965,1,0.5093595000000732
wm,f,18,NA,NA,NA,NA,NA,1,0,1,31,1,0.46238910000010947,1,0.4709464999998545
wm,f,18,NA,NA,NA,NA,NA,1,1,1,32,1,0.673673000000008,1,0.9123457000000599
wm,f,18,NA,NA,NA,NA,NA,1,0,1,33,1,0.44207959999994273,1,0.4943677999999636
wm,f,18,NA,NA,NA,NA,NA,0,1,1,34,1,0.3680488999998488,1,0.609168899999986
wm,f,18,NA,NA,NA,NA,NA,0,1,1,35,1,0.4930673999999726,0,0.9132685000001857
wm,f,18,NA,NA,NA,NA,NA,1,0,1,36,1,0.7362749000001259,1,0.7889102000001458
wm,f,18,NA,NA,NA,NA,NA,0,1,1,37,1,0.3781576999999743,1,0.6228083999999399
wm,f,18,NA,NA,NA,NA,NA,1,1,1,38,1,0.5468263000000206,1,0.5301366999999573
wm,f,18,NA,NA,NA,NA,NA,1,1,1,39,1,0.42918379999991885,1,0.5368363000000045
wm,f,18,NA,NA,NA,NA,NA,1,1,1,40,1,1.0246693999999934,1,0.5494646000001921
wm,f,18,NA,NA,NA,NA,NA,0,0,1,41,1,0.3506494999999177,1,0.39934440000001814
wm,f,18,NA,NA,NA,NA,NA,1,0,1,42,1,0.4854449999997996,1,0.6887491000002228
wm,f,18,NA,NA,NA,NA,NA,1,1,1,43,1,0.44546889999992345,1,0.4626326000000063
wm,f,18,NA,NA,NA,NA,NA,1,0,1,44,1,1.136025699999891,1,0.787029400000165
wm,f,18,NA,NA,NA,NA,NA,0,1,1,45,1,0.4782058999999208,1,0.5450567000000319
wm,f,18,NA,NA,NA,NA,NA,0,1,1,46,1,0.33693700000003446,1,0.5506761999999981
wm,f,18,NA,NA,NA,NA,NA,0,0,1,47,1,0.3129463999998734,1,0.5241257000000132
wm,f,18,NA,NA,NA,NA,NA,0,0,1,48,1,0.2868418999998994,1,0.5576670000000377
wm,f,18,NA,NA,NA,NA,NA,1,0,1,49,1,0.39240270000004784,1,0.5583102000000508
wm,f,18,NA,NA,NA,NA,NA,0,1,1,50,1,0.3340112000000772,1,0.597153500000104
wm,f,18,NA,NA,NA,NA,NA,1,1,1,51,1,0.4978254999998626,1,0.4980111999998371
wm,f,18,NA,NA,NA,NA,NA,0,1,1,52,1,0.5529587999999421,1,0.5629857999999786
wm,f,18,NA,NA,NA,NA,NA,1,1,1,53,1,0.45683420000000297,1,0.4625211999998555
wm,f,18,NA,NA,NA,NA,NA,0,0,1,54,1,0.3468295999998645,1,1.1405068999999912
wm,f,18,NA,NA,NA,NA,NA,0,1,1,55,1,0.40149320000000444,1,0.8232421000000159
wm,f,18,NA,NA,NA,NA,NA,1,0,1,56,1,0.5768345999999838,1,0.4701837999998588
wm,f,18,NA,NA,NA,NA,NA,0,0,1,57,1,0.4242761000000428,1,0.4293277000001581
wm,f,18,NA,NA,NA,NA,NA,0,1,1,58,1,0.3393109999999524,1,0.6122632999999951
wm,f,18,NA,NA,NA,NA,NA,0,0,1,59,1,0.29617510000002767,1,0.5451938000001064
wm,f,18,NA,NA,NA,NA,NA,1,0,1,60,1,0.4255580999999893,1,0.5527609999999186
wm,f,18,NA,NA,NA,NA,NA,0,0,1,61,1,0.32612489999996797,1,0.5310735000000477
wm,f,18,NA,NA,NA,NA,NA,1,1,1,62,1,0.4810542999998688,1,0.4524477999998453
wm,f,18,NA,NA,NA,NA,NA,1,1,1,63,1,0.6893575999999939,1,0.7150712000000112
wm,f,18,NA,NA,NA,NA,NA,1,1,1,64,1,1.0187611999999717,1,0.6704017000001841
wm,f,18,NA,NA,NA,NA,NA,0,0,1,65,1,0.4350718999999117,1,1.0359263999998802
wm,f,18,NA,NA,NA,NA,NA,1,1,1,66,1,0.5954749999998512,1,0.6277867000001152
wm,f,18,NA,NA,NA,NA,NA,0,1,1,67,1,0.42428180000001703,1,0.671317899999849
wm,f,18,NA,NA,NA,NA,NA,1,1,1,68,1,0.532246799999939,1,0.9452540999998291
wm,f,18,NA,NA,NA,NA,NA,0,0,1,69,1,0.42628229999991163,1,0.5950217000001885
wm,f,18,NA,NA,NA,NA,NA,1,0,1,70,1,0.5441768000000593,1,0.712988500000165
wm,f,18,NA,NA,NA,NA,NA,1,0,1,71,1,0.39768419999995785,1,0.7251702999999452
wm,f,18,NA,NA,NA,NA,NA,1,1,1,72,1,0.9742993999998362,1,0.6654522999999699
wm,f,18,NA,NA,NA,NA,NA,1,0,1,73,1,0.4163083999999344,1,0.5380629000001136
wm,f,18,NA,NA,NA,NA,NA,0,0,1,74,1,0.539814799999931,1,0.6416598000000704
wm,f,18,NA,NA,NA,NA,NA,1,1,1,75,1,0.4868411999998443,1,0.571492199999966
wm,f,18,NA,NA,NA,NA,NA,1,1,1,76,1,0.36291460000006737,1,0.5007934000000205
wm,f,18,NA,NA,NA,NA,NA,0,0,1,77,1,0.4836956999999984,1,0.5261505999999372
wm,f,18,NA,NA,NA,NA,NA,1,0,1,78,1,0.3813692000001083,1,0.5010913000000983
wm,f,18,NA,NA,NA,NA,NA,1,1,1,79,1,0.4518163000000186,1,0.4823307999999997
wm,f,18,NA,NA,NA,NA,NA,NA,NA,1,NA,NA,NA,NA,NA
wm,f,18,NA,NA,NA,NA,NA,0,1,2,0,1,0.38447130000008656,1,0.5255813999999646
wm,f,18,NA,NA,NA,NA,NA,0,1,2,1,1,0.27863890000003266,1,0.46258530000000064
wm,f,18,NA,NA,NA,NA,NA,1,1,2,2,1,0.46906060000014804,1,0.46801890000006097
wm,f,18,NA,NA,NA,NA,NA,0,0,2,3,1,0.2958071000000473,1,0.424947100000054
wm,f,18,NA,NA,NA,NA,NA,0,0,2,4,1,0.30544579999991583,1,0.4680029999999533
wm,f,18,NA,NA,NA,NA,NA,1,0,2,5,1,0.4166589000001295,1,0.5022056999998767
wm,f,18,NA,NA,NA,NA,NA,1,0,2,6,1,0.4332656000001407,1,0.42438830000014605
wm,f,18,NA,NA,NA,NA,NA,1,1,2,7,1,0.5284538999999313,1,0.6173859000000448
wm,f,18,NA,NA,NA,NA,NA,0,1,2,8,1,0.3070399999999154,1,0.5767576999999164
wm,f,18,NA,NA,NA,NA,NA,1,1,2,9,1,0.47329070000000684,1,0.5446987999998782
wm,f,18,NA,NA,NA,NA,NA,1,1,2,10,1,1.0114544000000478,1,0.5679175000000214
wm,f,18,NA,NA,NA,NA,NA,1,0,2,11,1,0.40066189999993185,1,0.5573595000000751
wm,f,18,NA,NA,NA,NA,NA,1,1,2,12,1,0.6760260999999446,1,0.5289980000000014
wm,f,18,NA,NA,NA,NA,NA,0,1,2,13,1,0.37460550000014337,1,0.5494297000000188
wm,f,18,NA,NA,NA,NA,NA,0,1,2,14,1,0.43133000000011634,1,0.5124470000000656
wm,f,18,NA,NA,NA,NA,NA,1,0,2,15,1,1.0182930999999371,1,0.5159986999999546
wm,f,18,NA,NA,NA,NA,NA,1,1,2,16,1,0.3844206999999642,1,0.5119449999999688
wm,f,18,NA,NA,NA,NA,NA,1,1,2,17,1,0.38445339999998396,1,0.5408125000001291
wm,f,18,NA,NA,NA,NA,NA,1,1,2,18,1,0.41340200000013283,1,0.46099389999994855
wm,f,18,NA,NA,NA,NA,NA,1,0,2,19,1,0.7545436000000336,1,0.4946447999998327
wm,f,18,NA,NA,NA,NA,NA,0,1,2,20,1,0.3596368999999413,1,0.6203791000000365
wm,f,18,NA,NA,NA,NA,NA,0,0,2,21,1,0.332052099999828,1,0.4607723999999962
wm,f,18,NA,NA,NA,NA,NA,1,0,2,22,1,0.44773750000013024,1,0.8630605999999261
wm,f,18,NA,NA,NA,NA,NA,1,0,2,23,1,0.44564439999999195,1,0.5452673999998296
wm,f,18,NA,NA,NA,NA,NA,0,1,2,24,1,0.3481515999999374,1,0.5723321000000396
wm,f,18,NA,NA,NA,NA,NA,0,1,2,25,1,0.3111728999999741,1,0.48586040000009234
wm,f,18,NA,NA,NA,NA,NA,0,0,2,26,1,0.29578250000008666,1,0.45654639999997926
wm,f,18,NA,NA,NA,NA,NA,0,1,2,27,1,0.4954354000001331,1,0.4413971000001311
wm,f,18,NA,NA,NA,NA,NA,0,0,2,28,1,0.5174842000001263,1,0.6583428000001277
wm,f,18,NA,NA,NA,NA,NA,1,0,2,29,1,0.38248040000007677,1,0.5288006000000678
wm,f,18,NA,NA,NA,NA,NA,0,1,2,30,1,0.2706696000000193,1,0.5691036000000622
wm,f,18,NA,NA,NA,NA,NA,1,1,2,31,1,0.7428612999999586,1,1.4431231999999454
wm,f,18,NA,NA,NA,NA,NA,1,1,2,32,1,0.5405914999998913,1,0.5429586999998719
wm,f,18,NA,NA,NA,NA,NA,0,0,2,33,1,0.45123450000005505,1,0.5344295999998394
wm,f,18,NA,NA,NA,NA,NA,1,0,2,34,1,0.5005985999998757,1,0.6152419000000009
wm,f,18,NA,NA,NA,NA,NA,0,0,2,35,1,0.5036379000000579,1,0.5353413999998793
wm,f,18,NA,NA,NA,NA,NA,0,1,2,36,1,0.37497669999993377,1,0.573621699999876
wm,f,18,NA,NA,NA,NA,NA,0,0,2,37,1,0.3702834000000621,1,0.558915099999922
wm,f,18,NA,NA,NA,NA,NA,1,1,2,38,1,0.5004950000000008,1,0.49245169999994687
wm,f,18,NA,NA,NA,NA,NA,1,0,2,39,1,0.4636273999999503,1,0.6178519000000051
wm,f,18,NA,NA,NA,NA,NA,0,1,2,40,1,0.3177719000000252,1,0.4959449999998924
wm,f,18,NA,NA,NA,NA,NA,0,0,2,41,1,0.3321994000000359,1,0.5674976000000242
wm,f,18,NA,NA,NA,NA,NA,1,1,2,42,1,0.588356499999918,1,0.5459820999999465
wm,f,18,NA,NA,NA,NA,NA,1,0,2,43,1,0.49292879999984507,1,0.5005719000000681
wm,f,18,NA,NA,NA,NA,NA,1,1,2,44,1,0.4495824000000539,1,0.45583560000000034
wm,f,18,NA,NA,NA,NA,NA,1,0,2,45,1,0.606741300000067,1,0.44006739999986166
wm,f,18,NA,NA,NA,NA,NA,1,0,2,46,1,0.4724386999998842,1,0.6878898999998455
wm,f,18,NA,NA,NA,NA,NA,0,0,2,47,1,0.36973650000004454,1,0.4614555999999084
wm,f,18,NA,NA,NA,NA,NA,0,0,2,48,1,0.3331229999998868,1,0.5907976999999391
wm,f,18,NA,NA,NA,NA,NA,0,1,2,49,1,0.3010942000000796,1,0.5625241999998707
wm,f,18,NA,NA,NA,NA,NA,1,1,2,50,1,0.5801516000001357,1,0.713686800000005
wm,f,18,NA,NA,NA,NA,NA,1,0,2,51,1,0.46174680000012813,1,0.45188039999993634
wm,f,18,NA,NA,NA,NA,NA,0,1,2,52,1,0.41216819999999643,1,0.5467186999999285
wm,f,18,NA,NA,NA,NA,NA,0,1,2,53,1,0.40027919999988626,1,0.5890297999999348
wm,f,18,NA,NA,NA,NA,NA,0,0,2,54,1,0.2760321999999178,1,0.46888239999998405
wm,f,18,NA,NA,NA,NA,NA,0,0,2,55,1,0.31812959999979284,1,0.484273900000062
wm,f,18,NA,NA,NA,NA,NA,0,0,2,56,1,0.49167510000006587,1,0.49814450000008037
wm,f,18,NA,NA,NA,NA,NA,0,1,2,57,1,0.28985880000004727,1,0.5539836999998897
wm,f,18,NA,NA,NA,NA,NA,1,1,2,58,1,0.3984287000000677,1,0.5098986000000423
wm,f,18,NA,NA,NA,NA,NA,1,1,2,59,1,0.41467180000017834,0,0.46223010000016984
wm,f,18,NA,NA,NA,NA,NA,1,0,2,60,1,0.4092444999998861,1,0.5284182000000328
wm,f,18,NA,NA,NA,NA,NA,0,0,2,61,1,0.38810309999985293,1,0.6930452999999943
wm,f,18,NA,NA,NA,NA,NA,1,1,2,62,1,0.45138279999991937,1,0.5083437000000686
wm,f,18,NA,NA,NA,NA,NA,0,0,2,63,1,0.3181131999999707,1,0.49833369999987553
wm,f,18,NA,NA,NA,NA,NA,0,1,2,64,1,0.5293291000000409,1,0.5902714999999716
wm,f,18,NA,NA,NA,NA,NA,0,0,2,65,1,0.32135040000002846,1,0.4571232999999211
wm,f,18,NA,NA,NA,NA,NA,0,0,2,66,1,0.3208042999999634,1,0.5606975000000602
wm,f,18,NA,NA,NA,NA,NA,0,1,2,67,1,0.35459880000007615,1,0.6457467999998698
wm,f,18,NA,NA,NA,NA,NA,1,0,2,68,1,1.0106183999998848,1,0.6141934000002038
wm,f,18,NA,NA,NA,NA,NA,1,0,2,69,1,0.46006839999995464,1,0.6067603000001327
wm,f,18,NA,NA,NA,NA,NA,1,1,2,70,1,0.7380117000000155,1,0.5506596000000172
wm,f,18,NA,NA,NA,NA,NA,0,1,2,71,1,0.5384216999998443,1,0.684494500000028
wm,f,18,NA,NA,NA,NA,NA,1,1,2,72,1,0.4126463000000058,0,0.5732222000001457
wm,f,18,NA,NA,NA,NA,NA,1,0,2,73,1,0.6616508999998132,1,1.0082969000000048
wm,f,18,NA,NA,NA,NA,NA,1,0,2,74,1,0.49090000000001055,0,0.4841611000001649
wm,f,18,NA,NA,NA,NA,NA,1,1,2,75,0,NA,1,0.6553119000000152
wm,f,18,NA,NA,NA,NA,NA,1,0,2,76,1,0.8116781000001083,1,0.7261611999999786
wm,f,18,NA,NA,NA,NA,NA,0,0,2,77,1,0.4521084000000428,1,0.5495300999998562
wm,f,18,NA,NA,NA,NA,NA,0,0,2,78,1,0.5359736000000339,1,0.5093156000000363
wm,f,18,NA,NA,NA,NA,NA,0,1,2,79,1,0.38714699999991353,1,0.5573383000000831
wm,f,18,NA,NA,NA,NA,NA,NA,NA,2,NA,NA,NA,NA,NA
wm,f,18,NA,NA,NA,NA,NA,0,0,3,0,1,0.30901029999995444,1,0.5725577999999132
wm,f,18,NA,NA,NA,NA,NA,0,0,3,1,1,0.4479709999998249,1,0.4952832999999828
wm,f,18,NA,NA,NA,NA,NA,0,1,3,2,1,0.3045887999999195,1,0.5340759000000617
wm,f,18,NA,NA,NA,NA,NA,0,0,3,3,1,0.29790860000002795,1,0.49824309999985417
wm,f,18,NA,NA,NA,NA,NA,1,0,3,4,1,0.5081766000000698,1,0.49380780000001323
wm,f,18,NA,NA,NA,NA,NA,0,0,3,5,1,0.3462428000000273,1,0.7595982000000276
wm,f,18,NA,NA,NA,NA,NA,0,1,3,6,1,0.3015898000001016,1,0.46838049999996656
wm,f,18,NA,NA,NA,NA,NA,1,0,3,7,1,0.5337637000000086,1,0.46999060000007375
wm,f,18,NA,NA,NA,NA,NA,0,0,3,8,1,0.34925859999998465,0,0.45895530000007057
wm,f,18,NA,NA,NA,NA,NA,0,1,3,9,1,0.5002159000000574,1,0.49842069999999694
wm,f,18,NA,NA,NA,NA,NA,0,0,3,10,1,0.4120436000000609,1,0.7297456999999667
wm,f,18,NA,NA,NA,NA,NA,0,1,3,11,1,0.28216099999986,1,0.5540485999999873
wm,f,18,NA,NA,NA,NA,NA,1,0,3,12,1,0.4878671999999824,1,0.49206729999991694
wm,f,18,NA,NA,NA,NA,NA,1,0,3,13,1,0.6052028999999948,1,0.486736700000165
wm,f,18,NA,NA,NA,NA,NA,1,0,3,14,1,0.6939956000001075,1,0.5476650000000518
wm,f,18,NA,NA,NA,NA,NA,1,1,3,15,1,0.4906737000001158,1,0.5310453000001871
wm,f,18,NA,NA,NA,NA,NA,0,1,3,16,1,0.3870083000001614,1,0.7556279000000359
wm,f,18,NA,NA,NA,NA,NA,1,1,3,17,1,0.6511557000001176,0,0.5457093999998506
wm,f,18,NA,NA,NA,NA,NA,0,1,3,18,1,0.48706779999997707,1,1.0399196999999276
wm,f,18,NA,NA,NA,NA,NA,0,1,3,19,1,0.5984668000000966,1,0.6310624999998709
wm,f,18,NA,NA,NA,NA,NA,1,1,3,20,1,0.4758385999998609,1,0.6377434999999423
wm,f,18,NA,NA,NA,NA,NA,1,1,3,21,1,0.47838979999983167,1,0.7675358999999844
wm,f,18,NA,NA,NA,NA,NA,1,0,3,22,1,0.780504399999927,1,0.7125143000000662
wm,f,18,NA,NA,NA,NA,NA,1,1,3,23,1,0.639460999999983,1,0.6246525999999903
wm,f,18,NA,NA,NA,NA,NA,0,1,3,24,1,0.6399435000000722,1,0.6348601999998209
wm,f,18,NA,NA,NA,NA,NA,0,1,3,25,1,0.4041595999999572,1,0.5880650000001424
wm,f,18,NA,NA,NA,NA,NA,0,1,3,26,1,0.4463777000000846,1,0.644281699999965
wm,f,18,NA,NA,NA,NA,NA,1,0,3,27,1,0.4889818000001469,1,0.6735121000001527
wm,f,18,NA,NA,NA,NA,NA,0,0,3,28,1,0.40062189999980546,1,0.6455948000000262
wm,f,18,NA,NA,NA,NA,NA,0,0,3,29,1,0.5603739999999107,1,0.6062292999999954
wm,f,18,NA,NA,NA,NA,NA,1,0,3,30,1,0.768353100000013,1,0.5950027999999747
wm,f,18,NA,NA,NA,NA,NA,0,0,3,31,1,0.4820079999999507,1,0.6199415000000954
wm,f,18,NA,NA,NA,NA,NA,0,1,3,32,1,0.5383833999999297,1,0.5959590999998454
wm,f,18,NA,NA,NA,NA,NA,0,0,3,33,1,0.47460799999998926,1,0.6016664000001128
wm,f,18,NA,NA,NA,NA,NA,1,1,3,34,0,NA,1,0.6301309000000401
wm,f,18,NA,NA,NA,NA,NA,1,1,3,35,1,0.43580550000001494,1,0.6972983000000568
wm,f,18,NA,NA,NA,NA,NA,1,0,3,36,1,0.5169378999999026,1,0.5968643999999586
wm,f,18,NA,NA,NA,NA,NA,0,0,3,37,1,0.3951497999998992,1,0.7785834000001159
wm,f,18,NA,NA,NA,NA,NA,0,0,3,38,1,0.43953799999985677,1,0.6632901999998921
wm,f,18,NA,NA,NA,NA,NA,0,0,3,39,1,0.3517089000001761,1,0.6722717000000102
wm,f,18,NA,NA,NA,NA,NA,0,1,3,40,1,0.3464948999999251,1,0.659522700000025
wm,f,18,NA,NA,NA,NA,NA,0,0,3,41,1,0.34628120000002127,1,0.6073670999999194
wm,f,18,NA,NA,NA,NA,NA,1,0,3,42,1,1.1423311000000922,1,0.9573078000000805
wm,f,18,NA,NA,NA,NA,NA,1,0,3,43,1,0.595553000000109,1,0.9080971000000773
wm,f,18,NA,NA,NA,NA,NA,1,1,3,44,1,0.5875275999999303,1,0.7362461000000167
wm,f,18,NA,NA,NA,NA,NA,0,1,3,45,1,0.49418839999998454,1,0.9845361000000139
wm,f,18,NA,NA,NA,NA,NA,1,1,3,46,1,0.4722257000000809,1,0.8164426000000731
wm,f,18,NA,NA,NA,NA,NA,0,0,3,47,1,0.39616030000001956,1,0.5605007000001478
wm,f,18,NA,NA,NA,NA,NA,1,1,3,48,1,0.9180537000002005,1,0.558230500000036
wm,f,18,NA,NA,NA,NA,NA,1,0,3,49,1,0.9188532999999097,1,0.9089409000000614
wm,f,18,NA,NA,NA,NA,NA,0,1,3,50,1,0.4885887999998886,1,0.7871534999999312
wm,f,18,NA,NA,NA,NA,NA,0,0,3,51,1,0.4156272000000172,1,0.75817300000016985
wm,f,18,NA,NA,NA,NA,NA,0,0,3,52,1,0.3446521999999277,1,0.6520363000001907
wm,f,18,NA,NA,NA,NA,NA,1,0,3,53,1,0.520578900000146,1,0.5560937000000195
wm,f,18,NA,NA,NA,NA,NA,1,1,3,54,1,0.5222889000001487,1,1.178216700000121
wm,f,18,NA,NA,NA,NA,NA,1,1,3,55,1,0.8484198999999535,1,0.8383026999999856
wm,f,18,NA,NA,NA,NA,NA,1,0,3,56,1,0.8682585000001382,1,0.7521716999999626
wm,f,18,NA,NA,NA,NA,NA,0,1,3,57,1,0.6142899000001307,1,0.7369289999999182
wm,f,18,NA,NA,NA,NA,NA,1,1,3,58,1,0.5657648999999765,1,0.6371925999999348
wm,f,18,NA,NA,NA,NA,NA,0,0,3,59,1,0.3782050999998319,1,0.7833563000001504
wm,f,18,NA,NA,NA,NA,NA,1,0,3,60,1,0.8195502999999462,1,0.7412617999998474
wm,f,18,NA,NA,NA,NA,NA,0,1,3,61,1,0.5095583999998325,1,0.6398553000001357
wm,f,18,NA,NA,NA,NA,NA,0,1,3,62,1,0.485171100000116,1,0.9600253000000976
wm,f,18,NA,NA,NA,NA,NA,0,1,3,63,1,0.444850100000167,1,0.6242379000000255
wm,f,18,NA,NA,NA,NA,NA,1,0,3,64,1,0.5681479000002128,1,0.621278699999948
wm,f,18,NA,NA,NA,NA,NA,1,1,3,65,1,0.7586810000000241,1,0.613865799999985
wm,f,18,NA,NA,NA,NA,NA,1,1,3,66,1,0.5851245999999719,0,1.825482799999918
wm,f,18,NA,NA,NA,NA,NA,0,1,3,67,1,0.5197900999999092,1,0.8449889000000894
wm,f,18,NA,NA,NA,NA,NA,1,0,3,68,1,0.5668555999998262,1,0.6316858999998658
wm,f,18,NA,NA,NA,NA,NA,1,0,3,69,1,0.5614837999999054,1,0.5940648000000692
wm,f,18,NA,NA,NA,NA,NA,0,1,3,70,1,0.5671093000000837,1,0.6388479999998253
wm,f,18,NA,NA,NA,NA,NA,1,1,3,71,1,0.6437605999999505,1,0.6360059999999521
wm,f,18,NA,NA,NA,NA,NA,1,1,3,72,1,0.8685977999998613,1,0.5558799999998882
wm,f,18,NA,NA,NA,NA,NA,1,1,3,73,1,0.6516266000000996,1,0.7389984999999797
wm,f,18,NA,NA,NA,NA,NA,0,0,3,74,1,0.470774499999834,1,0.6809738000001744
wm,f,18,NA,NA,NA,NA,NA,1,1,3,75,1,0.6948020999998334,1,0.5728481999999531
wm,f,18,NA,NA,NA,NA,NA,0,0,3,76,1,0.46608249999985674,1,0.5809549000000516
wm,f,18,NA,NA,NA,NA,NA,1,0,3,77,1,0.5365239000000201,1,0.5574222000000191
wm,f,18,NA,NA,NA,NA,NA,1,1,3,78,1,0.5200095999998666,1,0.6746346999998423
wm,f,18,NA,NA,NA,NA,NA,1,0,3,79,1,0.5217369000001781,1,0.5418646000000535
wm,f,18,NA,NA,NA,NA,NA,NA,NA,3,NA,NA,NA,NA,NA
