,mean,sd,hdi_3%,hdi_97%,mcse_mean,mcse_sd,ess_bulk,ess_tail,r_hat
a,1.706,1.063,1.583,1.768,0.02,0.014,1361.0,568.0,1.0
a_std,0.364,2.385,0.239,0.384,0.035,0.025,1322.0,603.0,1.0
a_subj.0,1.704,0.17,1.499,1.915,0.007,0.005,1482.0,1548.0,1.0
a_subj.1,1.461,0.081,1.322,1.603,0.002,0.002,1866.0,2720.0,1.0
a_subj.2,1.354,0.347,1.159,1.51,0.032,0.023,1149.0,606.0,1.0
a_subj.3,2.221,0.189,1.958,2.476,0.009,0.007,1093.0,981.0,1.0
a_subj.4,1.645,0.147,1.478,1.795,0.009,0.007,2353.0,1972.0,1.0
a_subj.5,1.588,0.056,1.484,1.693,0.001,0.0,6732.0,10392.0,1.0
a_subj.6,1.436,0.17,1.285,1.564,0.011,0.009,1858.0,1191.0,1.0
a_subj.7,1.514,0.155,1.273,1.748,0.007,0.005,956.0,649.0,1.0
a_subj.8,1.407,0.355,1.213,1.541,0.025,0.019,1018.0,631.0,1.0
a_subj.9,1.482,0.072,1.352,1.62,0.001,0.001,2936.0,4621.0,1.0
a_subj.10,1.66,0.194,1.425,1.878,0.011,0.009,778.0,855.0,1.0
a_subj.11,1.823,0.201,1.556,2.081,0.011,0.009,835.0,673.0,1.01
a_subj.12,1.982,0.169,1.706,2.261,0.006,0.005,1050.0,1491.0,1.0
a_subj.13,1.872,0.138,1.71,2.031,0.004,0.003,3751.0,4744.0,1.0
a_subj.14,1.404,0.174,1.277,1.513,0.012,0.009,1564.0,995.0,1.0
a_subj.15,1.473,0.27,1.251,1.672,0.02,0.015,686.0,492.0,1.01
a_subj.16,1.411,0.061,1.312,1.507,0.001,0.001,6575.0,9157.0,1.0
a_subj.17,1.526,0.149,1.374,1.674,0.006,0.005,2272.0,2660.0,1.0
a_subj.18,1.047,0.287,0.939,1.11,0.024,0.017,1670.0,975.0,1.0
a_subj.19,1.39,0.199,1.2,1.555,0.012,0.009,915.0,642.0,1.0
a_subj.20,1.704,0.177,1.5,1.903,0.011,0.009,1390.0,1194.0,1.0
a_subj.21,1.973,0.135,1.769,2.18,0.004,0.003,2428.0,4395.0,1.0
a_subj.22,1.184,0.055,1.087,1.282,0.001,0.001,3346.0,6228.0,1.0
a_subj.23,1.731,0.145,1.563,1.905,0.007,0.005,2458.0,2151.0,1.0
a_subj.24,1.437,0.077,1.295,1.578,0.002,0.001,2496.0,4288.0,1.0
a_subj.25,1.853,0.309,1.587,2.05,0.02,0.015,966.0,611.0,1.0
a_subj.26,1.701,0.095,1.535,1.873,0.002,0.001,2477.0,3688.0,1.0
a_subj.27,2.234,0.268,1.93,2.512,0.012,0.009,1292.0,1380.0,1.0
a_subj.28,2.179,0.293,1.884,2.453,0.016,0.012,1097.0,1084.0,1.0
a_subj.30,2.026,0.151,1.831,2.225,0.005,0.004,2772.0,3456.0,1.0
a_subj.31,1.805,0.195,1.525,2.108,0.008,0.006,810.0,1004.0,1.0
a_subj.32,1.524,0.156,1.344,1.688,0.007,0.005,1906.0,1937.0,1.0
a_subj.33,1.851,0.11,1.649,2.049,0.002,0.002,2291.0,2742.0,1.0
a_subj.34,1.606,0.172,1.428,1.785,0.008,0.007,1752.0,1886.0,1.0
a_subj.35,1.654,0.159,1.42,1.878,0.009,0.007,796.0,446.0,1.0
a_subj.36,1.762,0.142,1.534,1.999,0.004,0.003,1352.0,1590.0,1.0
a_subj.37,1.215,0.257,1.069,1.33,0.018,0.013,1862.0,1123.0,1.0
a_subj.38,1.615,0.201,1.401,1.822,0.012,0.009,1124.0,763.0,1.01
a_subj.39,1.705,0.16,1.509,1.902,0.006,0.005,1601.0,1671.0,1.0
a_subj.40,1.506,0.258,1.283,1.703,0.015,0.012,877.0,700.0,1.01
a_subj.41,1.471,0.093,1.324,1.625,0.002,0.002,2422.0,3444.0,1.0
a_subj.42,1.585,0.195,1.31,1.846,0.011,0.008,689.0,558.0,1.01
a_subj.43,1.598,0.106,1.447,1.737,0.003,0.002,3021.0,4325.0,1.0
a_subj.44,1.626,0.201,1.437,1.801,0.009,0.007,1966.0,1788.0,1.0
a_subj.45,1.987,0.268,1.675,2.302,0.014,0.011,913.0,703.0,1.01
a_subj.46,1.516,0.284,1.295,1.694,0.016,0.011,767.0,1150.0,1.0
a_subj.47,1.879,0.211,1.681,2.061,0.009,0.007,2263.0,1840.0,1.0
a_subj.48,2.268,0.195,1.971,2.586,0.007,0.005,1513.0,1844.0,1.0
a_subj.49,2.029,0.238,1.712,2.34,0.013,0.01,848.0,680.0,1.0
a_subj.50,1.666,0.205,1.467,1.829,0.011,0.008,1657.0,1362.0,1.0
a_subj.51,2.102,0.324,1.793,2.377,0.017,0.012,896.0,563.0,1.0
a_subj.52,2.172,0.296,1.93,2.387,0.013,0.01,1561.0,1809.0,1.0
v(neg.Co),3.219,0.146,2.97,3.473,0.004,0.003,2936.0,1694.0,1.0
v(neg.Ic),3.131,0.146,2.878,3.379,0.004,0.003,2551.0,1258.0,1.0
v(pos.Co),3.193,0.151,2.933,3.441,0.005,0.004,2286.0,1168.0,1.0
v(pos.Ic),3.057,0.146,2.802,3.311,0.004,0.003,2479.0,1444.0,1.0
v_std,0.84,0.089,0.731,0.94,0.004,0.003,1075.0,607.0,1.0
v_subj(neg.Co).0,3.266,0.379,2.551,3.975,0.006,0.004,3933.0,5913.0,1.0
v_subj(neg.Co).1,4.158,0.357,3.484,4.82,0.005,0.004,5025.0,7363.0,1.0
v_subj(neg.Co).2,3.7,0.4,2.982,4.378,0.013,0.011,2307.0,1149.0,1.0
v_subj(neg.Co).3,3.564,0.331,2.947,4.178,0.007,0.005,2038.0,1882.0,1.0
v_subj(neg.Co).4,2.925,0.303,2.359,3.468,0.006,0.005,4462.0,2946.0,1.0
v_subj(neg.Co).5,1.319,0.205,0.932,1.7,0.002,0.002,9244.0,11953.0,1.0
v_subj(neg.Co).6,3.582,0.364,2.923,4.257,0.007,0.006,3994.0,2797.0,1.0
v_subj(neg.Co).7,4.883,0.442,4.081,5.703,0.009,0.007,2356.0,2638.0,1.0
v_subj(neg.Co).8,3.276,0.378,2.567,3.929,0.012,0.009,1797.0,964.0,1.0
v_subj(neg.Co).9,3.785,0.327,3.166,4.385,0.004,0.003,5386.0,8057.0,1.0
v_subj(neg.Co).10,2.862,0.347,2.229,3.5,0.007,0.005,3407.0,3961.0,1.0
v_subj(neg.Co).11,3.566,0.322,2.975,4.172,0.007,0.005,2411.0,2373.0,1.0
v_subj(neg.Co).12,2.801,0.279,2.304,3.339,0.005,0.003,3846.0,6442.0,1.0
v_subj(neg.Co).13,2.001,0.253,1.524,2.473,0.004,0.003,4880.0,7937.0,1.0
v_subj(neg.Co).14,4.0,0.381,3.323,4.649,0.011,0.009,2431.0,1401.0,1.0
v_subj(neg.Co).15,4.908,0.494,4.006,5.778,0.013,0.01,1904.0,1720.0,1.0
v_subj(neg.Co).16,1.856,0.244,1.408,2.318,0.003,0.002,9091.0,12480.0,1.0
v_subj(neg.Co).17,3.66,0.348,2.998,4.297,0.005,0.004,5233.0,6434.0,1.0
v_subj(neg.Co).18,3.513,0.431,2.77,4.217,0.015,0.013,2768.0,1335.0,1.0
v_subj(neg.Co).19,3.988,0.408,3.243,4.749,0.01,0.008,2241.0,1284.0,1.0
v_subj(neg.Co).20,2.803,0.288,2.279,3.353,0.005,0.003,4183.0,3129.0,1.0
v_subj(neg.Co).21,2.373,0.253,1.897,2.84,0.003,0.002,5875.0,8782.0,1.0
v_subj(neg.Co).22,3.132,0.369,2.432,3.815,0.005,0.003,6470.0,9163.0,1.0
v_subj(neg.Co).23,3.225,0.342,2.578,3.832,0.006,0.005,4353.0,4557.0,1.0
v_subj(neg.Co).24,3.098,0.36,2.412,3.764,0.005,0.003,5781.0,9385.0,1.0
v_subj(neg.Co).25,3.512,0.381,2.858,4.204,0.012,0.01,1766.0,953.0,1.0
v_subj(neg.Co).26,2.305,0.256,1.821,2.772,0.003,0.002,6215.0,9806.0,1.0
v_subj(neg.Co).27,2.225,0.227,1.817,2.667,0.003,0.002,4733.0,7390.0,1.0
v_subj(neg.Co).28,2.52,0.246,2.065,2.965,0.005,0.004,3354.0,2926.0,1.0
v_subj(neg.Co).30,2.046,0.238,1.597,2.475,0.004,0.003,4849.0,7157.0,1.0
v_subj(neg.Co).31,2.729,0.317,2.119,3.296,0.006,0.004,3233.0,5491.0,1.0
v_subj(neg.Co).32,2.927,0.309,2.337,3.496,0.005,0.004,4612.0,4199.0,1.0
v_subj(neg.Co).33,2.885,0.279,2.353,3.393,0.004,0.003,5547.0,8318.0,1.0
v_subj(neg.Co).34,3.815,0.388,3.11,4.499,0.008,0.007,3734.0,2943.0,1.0
v_subj(neg.Co).35,3.951,0.378,3.236,4.644,0.009,0.007,2242.0,1887.0,1.0
v_subj(neg.Co).36,3.193,0.306,2.605,3.749,0.005,0.004,3890.0,6295.0,1.0
v_subj(neg.Co).37,4.354,0.472,3.486,5.189,0.011,0.009,3119.0,1640.0,1.0
v_subj(neg.Co).38,3.705,0.344,3.072,4.34,0.006,0.005,3211.0,2409.0,1.0
v_subj(neg.Co).39,2.986,0.29,2.464,3.537,0.004,0.003,4746.0,5971.0,1.0
v_subj(neg.Co).40,3.947,0.465,3.131,4.786,0.013,0.011,1662.0,1371.0,1.0
v_subj(neg.Co).41,2.979,0.34,2.358,3.63,0.005,0.004,4706.0,8136.0,1.0
v_subj(neg.Co).42,4.623,0.434,3.836,5.427,0.009,0.007,2378.0,1697.0,1.0
v_subj(neg.Co).43,2.977,0.305,2.407,3.54,0.004,0.003,6053.0,8444.0,1.0
v_subj(neg.Co).44,3.308,0.564,2.33,4.377,0.011,0.008,3071.0,3474.0,1.0
v_subj(neg.Co).45,3.914,0.387,3.216,4.602,0.011,0.009,2025.0,1711.0,1.0
v_subj(neg.Co).46,2.937,0.345,2.31,3.562,0.009,0.007,1873.0,1996.0,1.0
v_subj(neg.Co).47,2.985,0.349,2.318,3.621,0.006,0.004,4382.0,5658.0,1.0
v_subj(neg.Co).48,2.663,0.263,2.179,3.162,0.005,0.003,3462.0,4877.0,1.0
v_subj(neg.Co).49,3.901,0.393,3.171,4.576,0.01,0.008,2302.0,2117.0,1.0
v_subj(neg.Co).50,3.287,0.328,2.685,3.857,0.007,0.006,3058.0,2275.0,1.0
v_subj(neg.Co).51,2.877,0.284,2.345,3.374,0.007,0.005,2064.0,2175.0,1.0
v_subj(neg.Co).52,1.737,0.215,1.337,2.122,0.004,0.003,4527.0,3998.0,1.0
v_subj(neg.Ic).0,3.063,0.323,2.456,3.67,0.005,0.004,4105.0,5796.0,1.0
v_subj(neg.Ic).1,4.105,0.338,3.477,4.742,0.005,0.004,5053.0,7739.0,1.0
v_subj(neg.Ic).2,3.819,0.455,3.058,4.522,0.02,0.017,2017.0,987.0,1.0
v_subj(neg.Ic).3,3.458,0.329,2.882,4.064,0.008,0.006,2682.0,2113.0,1.0
v_subj(neg.Ic).4,3.171,0.3,2.638,3.702,0.007,0.006,3729.0,2686.0,1.0
v_subj(neg.Ic).5,1.123,0.212,0.724,1.517,0.002,0.002,9607.0,12227.0,1.0
v_subj(neg.Ic).6,2.914,0.33,2.307,3.514,0.005,0.004,5192.0,3583.0,1.0
v_subj(neg.Ic).7,3.972,0.407,3.237,4.751,0.007,0.005,3484.0,4391.0,1.0
v_subj(neg.Ic).8,3.57,0.4,2.851,4.255,0.012,0.01,2272.0,1111.0,1.0
v_subj(neg.Ic).9,3.523,0.294,2.974,4.081,0.004,0.003,6079.0,9373.0,1.0
v_subj(neg.Ic).10,3.622,0.349,2.961,4.257,0.005,0.004,5061.0,5173.0,1.0
v_subj(neg.Ic).11,4.462,0.383,3.762,5.152,0.01,0.008,2158.0,1525.0,1.0
v_subj(neg.Ic).12,3.268,0.347,2.618,3.923,0.006,0.004,3597.0,6355.0,1.0
v_subj(neg.Ic).13,1.686,0.229,1.261,2.105,0.003,0.002,6074.0,8286.0,1.0
v_subj(neg.Ic).14,3.416,0.34,2.81,4.008,0.01,0.008,2442.0,1143.0,1.0
v_subj(neg.Ic).15,4.555,0.445,3.757,5.374,0.011,0.008,2335.0,1468.0,1.0
v_subj(neg.Ic).16,1.877,0.243,1.416,2.322,0.003,0.002,9367.0,12948.0,1.0
v_subj(neg.Ic).17,3.633,0.343,3.028,4.278,0.007,0.005,4253.0,3924.0,1.0
v_subj(neg.Ic).18,3.156,0.435,2.475,3.777,0.019,0.017,2836.0,1392.0,1.0
v_subj(neg.Ic).19,3.883,0.408,3.125,4.607,0.011,0.009,2002.0,1006.0,1.0
v_subj(neg.Ic).20,2.998,0.369,2.325,3.699,0.007,0.006,3114.0,2077.0,1.0
v_subj(neg.Ic).21,1.849,0.209,1.442,2.231,0.003,0.002,6585.0,9506.0,1.0
v_subj(neg.Ic).22,3.339,0.391,2.593,4.058,0.005,0.004,5648.0,9820.0,1.0
v_subj(neg.Ic).23,2.771,0.288,2.247,3.323,0.004,0.003,5791.0,7741.0,1.0
v_subj(neg.Ic).24,3.337,0.344,2.702,3.985,0.004,0.003,6758.0,10333.0,1.0
v_subj(neg.Ic).25,3.073,0.322,2.471,3.649,0.008,0.007,2162.0,1163.0,1.0
v_subj(neg.Ic).26,2.286,0.256,1.824,2.783,0.003,0.002,6056.0,9047.0,1.0
v_subj(neg.Ic).27,2.294,0.231,1.867,2.731,0.003,0.002,4689.0,6956.0,1.0
v_subj(neg.Ic).28,2.692,0.263,2.214,3.164,0.006,0.004,2806.0,2340.0,1.0
v_subj(neg.Ic).30,1.944,0.22,1.538,2.355,0.003,0.002,5374.0,7773.0,1.0
v_subj(neg.Ic).31,3.635,0.365,2.957,4.319,0.006,0.005,3300.0,4859.0,1.0
v_subj(neg.Ic).32,2.75,0.305,2.205,3.337,0.004,0.003,5143.0,5803.0,1.0
v_subj(neg.Ic).33,2.882,0.287,2.341,3.428,0.004,0.003,5428.0,9442.0,1.0
v_subj(neg.Ic).34,4.092,0.37,3.419,4.714,0.009,0.008,3673.0,3490.0,1.0
v_subj(neg.Ic).35,3.695,0.364,3.006,4.36,0.008,0.006,2063.0,1940.0,1.0
v_subj(neg.Ic).36,2.868,0.341,2.232,3.502,0.005,0.004,4162.0,6863.0,1.0
v_subj(neg.Ic).37,3.51,0.453,2.66,4.296,0.01,0.009,3132.0,1832.0,1.0
v_subj(neg.Ic).38,4.083,0.399,3.345,4.79,0.009,0.007,2608.0,1827.0,1.0
v_subj(neg.Ic).39,2.796,0.282,2.284,3.32,0.005,0.004,4059.0,4468.0,1.0
v_subj(neg.Ic).40,3.844,0.486,2.962,4.671,0.014,0.011,1957.0,1186.0,1.0
v_subj(neg.Ic).41,3.215,0.313,2.61,3.788,0.004,0.003,5929.0,9051.0,1.0
v_subj(neg.Ic).42,5.056,0.506,4.083,5.955,0.013,0.01,1654.0,1346.0,1.0
v_subj(neg.Ic).43,2.272,0.267,1.775,2.773,0.003,0.002,7295.0,8723.0,1.0
v_subj(neg.Ic).44,2.589,0.287,2.055,3.119,0.005,0.003,4420.0,4616.0,1.0
v_subj(neg.Ic).45,3.278,0.322,2.694,3.851,0.008,0.006,1870.0,1767.0,1.0
v_subj(neg.Ic).46,2.97,0.322,2.376,3.543,0.008,0.006,2746.0,1789.0,1.0
v_subj(neg.Ic).47,2.414,0.265,1.939,2.922,0.004,0.003,4619.0,4800.0,1.0
v_subj(neg.Ic).48,2.389,0.242,1.933,2.838,0.004,0.003,3778.0,6603.0,1.0
v_subj(neg.Ic).49,3.796,0.342,3.177,4.415,0.008,0.006,2490.0,2120.0,1.0
v_subj(neg.Ic).50,3.015,0.309,2.449,3.568,0.006,0.005,3206.0,2699.0,1.0
v_subj(neg.Ic).51,2.999,0.292,2.458,3.537,0.007,0.006,2261.0,1602.0,1.0
v_subj(neg.Ic).52,1.922,0.23,1.504,2.337,0.004,0.003,3847.0,3614.0,1.0
v_subj(pos.Co).0,3.212,0.424,2.433,4.008,0.008,0.006,2884.0,3387.0,1.0
v_subj(pos.Co).1,3.686,0.328,3.084,4.301,0.005,0.004,4641.0,6040.0,1.0
v_subj(pos.Co).2,3.824,0.42,3.075,4.568,0.014,0.012,1939.0,877.0,1.0
v_subj(pos.Co).3,3.174,0.325,2.569,3.786,0.006,0.004,3409.0,3901.0,1.0
v_subj(pos.Co).4,3.001,0.31,2.401,3.548,0.005,0.004,5796.0,3615.0,1.0
v_subj(pos.Co).5,1.92,0.251,1.442,2.386,0.003,0.002,7571.0,11077.0,1.0
v_subj(pos.Co).6,2.928,0.364,2.267,3.603,0.007,0.006,3670.0,2719.0,1.0
v_subj(pos.Co).7,4.587,0.437,3.761,5.384,0.008,0.006,3316.0,2889.0,1.0
v_subj(pos.Co).8,3.249,0.359,2.6,3.862,0.01,0.008,2231.0,1326.0,1.0
v_subj(pos.Co).9,3.589,0.351,2.943,4.254,0.005,0.003,5750.0,8895.0,1.0
v_subj(pos.Co).10,4.736,0.48,3.862,5.634,0.01,0.008,2305.0,2276.0,1.0
v_subj(pos.Co).11,4.839,0.483,3.928,5.705,0.012,0.01,1786.0,1760.0,1.0
v_subj(pos.Co).12,2.875,0.322,2.296,3.501,0.006,0.004,2707.0,5914.0,1.0
v_subj(pos.Co).13,1.662,0.246,1.219,2.115,0.003,0.003,7058.0,7932.0,1.0
v_subj(pos.Co).14,3.175,0.372,2.508,3.832,0.011,0.009,2221.0,1290.0,1.0
v_subj(pos.Co).15,4.217,0.431,3.465,4.923,0.014,0.011,2038.0,1098.0,1.0
v_subj(pos.Co).16,2.803,0.369,2.109,3.488,0.004,0.003,6814.0,9325.0,1.0
v_subj(pos.Co).17,3.008,0.365,2.322,3.667,0.006,0.005,4497.0,5280.0,1.0
v_subj(pos.Co).18,3.772,0.597,2.91,4.589,0.028,0.026,2625.0,1529.0,1.0
v_subj(pos.Co).19,3.133,0.407,2.402,3.849,0.012,0.01,1855.0,910.0,1.0
v_subj(pos.Co).20,4.256,0.424,3.483,5.009,0.011,0.009,2440.0,1377.0,1.0
v_subj(pos.Co).21,2.215,0.25,1.752,2.685,0.004,0.003,4190.0,6991.0,1.0
v_subj(pos.Co).22,2.289,0.286,1.742,2.822,0.003,0.002,9324.0,12027.0,1.0
v_subj(pos.Co).23,3.288,0.327,2.684,3.871,0.006,0.005,4607.0,4779.0,1.0
v_subj(pos.Co).24,3.143,0.295,2.606,3.704,0.004,0.003,6031.0,9950.0,1.0
v_subj(pos.Co).25,2.705,0.32,2.116,3.289,0.008,0.006,2254.0,1381.0,1.0
v_subj(pos.Co).26,2.694,0.273,2.192,3.217,0.003,0.002,6422.0,9549.0,1.0
v_subj(pos.Co).27,2.603,0.288,2.064,3.139,0.005,0.004,3433.0,4914.0,1.0
v_subj(pos.Co).28,2.467,0.282,1.925,2.965,0.006,0.004,2656.0,2457.0,1.0
v_subj(pos.Co).30,2.384,0.272,1.882,2.894,0.004,0.003,5652.0,8567.0,1.0
v_subj(pos.Co).31,3.342,0.366,2.654,3.993,0.008,0.006,2392.0,3746.0,1.0
v_subj(pos.Co).32,3.398,0.359,2.754,4.064,0.007,0.006,3358.0,2792.0,1.0
v_subj(pos.Co).33,2.541,0.302,1.988,3.115,0.004,0.003,5048.0,7827.0,1.0
v_subj(pos.Co).34,2.91,0.347,2.262,3.536,0.006,0.005,4042.0,5412.0,1.0
v_subj(pos.Co).35,4.659,0.399,3.948,5.405,0.009,0.007,2271.0,1675.0,1.0
v_subj(pos.Co).36,3.291,0.446,2.449,4.108,0.008,0.006,3165.0,5099.0,1.0
v_subj(pos.Co).37,3.649,0.4,2.945,4.367,0.009,0.008,3538.0,2043.0,1.0
v_subj(pos.Co).38,3.59,0.358,2.912,4.237,0.008,0.006,2746.0,2135.0,1.0
v_subj(pos.Co).39,2.581,0.297,2.044,3.136,0.005,0.004,4092.0,4660.0,1.0
v_subj(pos.Co).40,3.394,0.37,2.724,4.028,0.011,0.008,2020.0,1391.0,1.0
v_subj(pos.Co).41,3.605,0.383,2.886,4.309,0.006,0.004,4317.0,7651.0,1.0
v_subj(pos.Co).42,4.289,0.442,3.477,5.109,0.011,0.009,1766.0,1420.0,1.0
v_subj(pos.Co).43,3.119,0.333,2.488,3.737,0.004,0.003,5971.0,7831.0,1.0
v_subj(pos.Co).44,3.23,0.412,2.499,3.988,0.009,0.007,3818.0,3038.0,1.0
v_subj(pos.Co).45,3.198,0.374,2.51,3.889,0.008,0.006,2964.0,2866.0,1.0
v_subj(pos.Co).46,3.458,0.394,2.78,4.125,0.011,0.009,3186.0,2197.0,1.0
v_subj(pos.Co).47,2.049,0.237,1.604,2.476,0.004,0.003,5094.0,4088.0,1.0
v_subj(pos.Co).48,2.696,0.284,2.176,3.229,0.005,0.003,3632.0,6093.0,1.0
v_subj(pos.Co).49,3.76,0.384,3.049,4.42,0.01,0.008,2025.0,1758.0,1.0
v_subj(pos.Co).50,3.385,0.359,2.733,4.02,0.008,0.007,3263.0,3009.0,1.0
v_subj(pos.Co).51,2.951,0.302,2.418,3.515,0.007,0.005,2629.0,1818.0,1.0
v_subj(pos.Co).52,1.647,0.21,1.256,2.013,0.004,0.003,3864.0,3353.0,1.0
v_subj(pos.Ic).0,2.787,0.317,2.203,3.379,0.005,0.004,3747.0,4784.0,1.0
v_subj(pos.Ic).1,3.438,0.376,2.731,4.135,0.007,0.005,3220.0,5900.0,1.0
v_subj(pos.Ic).2,3.912,0.44,3.135,4.716,0.013,0.011,1933.0,1168.0,1.0
v_subj(pos.Ic).3,3.836,0.35,3.187,4.486,0.007,0.005,2747.0,4543.0,1.0
v_subj(pos.Ic).4,3.481,0.327,2.873,4.069,0.006,0.005,3434.0,3134.0,1.0
v_subj(pos.Ic).5,1.79,0.225,1.383,2.232,0.002,0.002,8315.0,11516.0,1.0
v_subj(pos.Ic).6,3.917,0.362,3.259,4.56,0.01,0.008,2725.0,1830.0,1.0
v_subj(pos.Ic).7,4.012,0.401,3.286,4.784,0.007,0.005,3703.0,5536.0,1.0
v_subj(pos.Ic).8,3.014,0.373,2.334,3.662,0.012,0.009,1795.0,948.0,1.0
v_subj(pos.Ic).9,3.8,0.348,3.153,4.454,0.005,0.003,5590.0,8268.0,1.0
v_subj(pos.Ic).10,3.506,0.415,2.777,4.31,0.008,0.006,3216.0,4094.0,1.0
v_subj(pos.Ic).11,4.47,0.437,3.662,5.248,0.011,0.009,2128.0,1875.0,1.0
v_subj(pos.Ic).12,2.794,0.295,2.246,3.355,0.004,0.003,4906.0,6686.0,1.0
v_subj(pos.Ic).13,1.7,0.232,1.269,2.127,0.003,0.002,6101.0,7863.0,1.0
v_subj(pos.Ic).14,3.346,0.36,2.694,3.987,0.009,0.007,2707.0,1316.0,1.0
v_subj(pos.Ic).15,4.601,0.519,3.703,5.501,0.017,0.014,2122.0,1223.0,1.0
v_subj(pos.Ic).16,3.238,0.47,2.392,4.139,0.006,0.005,5310.0,9247.0,1.0
v_subj(pos.Ic).17,3.187,0.339,2.558,3.796,0.005,0.004,5296.0,5748.0,1.0
v_subj(pos.Ic).18,3.427,0.421,2.71,4.115,0.014,0.012,3487.0,1548.0,1.0
v_subj(pos.Ic).19,3.765,0.394,3.032,4.472,0.009,0.007,2632.0,1854.0,1.0
v_subj(pos.Ic).20,3.921,0.382,3.232,4.642,0.009,0.007,2515.0,1842.0,1.0
v_subj(pos.Ic).21,2.318,0.326,1.759,2.971,0.004,0.003,5450.0,8788.0,1.0
v_subj(pos.Ic).22,1.86,0.294,1.295,2.39,0.003,0.002,8563.0,10749.0,1.0
v_subj(pos.Ic).23,2.673,0.357,2.012,3.304,0.007,0.006,3975.0,4581.0,1.0
v_subj(pos.Ic).24,2.738,0.275,2.211,3.244,0.003,0.002,7504.0,11390.0,1.0
v_subj(pos.Ic).25,3.139,0.351,2.498,3.772,0.009,0.007,1866.0,972.0,1.0
v_subj(pos.Ic).26,2.807,0.332,2.176,3.416,0.005,0.003,4579.0,9195.0,1.0
v_subj(pos.Ic).27,2.063,0.276,1.571,2.601,0.005,0.004,3166.0,4383.0,1.0
v_subj(pos.Ic).28,2.463,0.268,1.967,2.962,0.006,0.004,2741.0,2609.0,1.0
v_subj(pos.Ic).30,1.734,0.211,1.327,2.114,0.003,0.002,6535.0,8648.0,1.0
v_subj(pos.Ic).31,3.167,0.359,2.501,3.832,0.007,0.005,2816.0,3839.0,1.0
v_subj(pos.Ic).32,3.355,0.367,2.686,4.026,0.007,0.005,4047.0,3356.0,1.0
v_subj(pos.Ic).33,2.268,0.333,1.665,2.907,0.005,0.003,4701.0,7812.0,1.0
v_subj(pos.Ic).34,3.026,0.344,2.401,3.679,0.005,0.004,4356.0,4699.0,1.0
v_subj(pos.Ic).35,3.717,0.352,3.08,4.369,0.009,0.007,1751.0,1474.0,1.0
v_subj(pos.Ic).36,3.216,0.343,2.595,3.873,0.005,0.004,4035.0,6111.0,1.0
v_subj(pos.Ic).37,4.038,0.458,3.19,4.851,0.01,0.008,3135.0,1875.0,1.0
v_subj(pos.Ic).38,2.671,0.385,2.007,3.375,0.009,0.007,2842.0,2480.0,1.0
v_subj(pos.Ic).39,2.77,0.291,2.234,3.321,0.004,0.003,4555.0,5113.0,1.0
v_subj(pos.Ic).40,2.953,0.35,2.31,3.563,0.01,0.008,1942.0,1382.0,1.0
v_subj(pos.Ic).41,3.705,0.434,2.865,4.494,0.007,0.005,4240.0,7286.0,1.0
v_subj(pos.Ic).42,3.968,0.457,3.128,4.801,0.012,0.009,1688.0,1513.0,1.0
v_subj(pos.Ic).43,1.821,0.251,1.345,2.283,0.003,0.002,6753.0,9218.0,1.0
v_subj(pos.Ic).44,3.399,0.426,2.579,4.146,0.008,0.006,3611.0,3286.0,1.0
v_subj(pos.Ic).45,3.329,0.335,2.705,3.923,0.008,0.006,2390.0,2135.0,1.0
v_subj(pos.Ic).46,2.62,0.353,1.96,3.226,0.009,0.007,1769.0,2182.0,1.0
v_subj(pos.Ic).47,1.845,0.231,1.409,2.269,0.003,0.003,4800.0,5547.0,1.0
v_subj(pos.Ic).48,2.423,0.246,1.974,2.899,0.004,0.003,4286.0,7853.0,1.0
v_subj(pos.Ic).49,3.907,0.393,3.174,4.615,0.009,0.007,2399.0,2096.0,1.0
v_subj(pos.Ic).50,2.992,0.34,2.364,3.597,0.007,0.006,3720.0,2756.0,1.0
v_subj(pos.Ic).51,2.547,0.272,2.046,3.04,0.006,0.005,2347.0,2304.0,1.0
v_subj(pos.Ic).52,1.603,0.232,1.191,2.012,0.004,0.003,4053.0,4156.0,1.0
t,0.393,0.126,0.377,0.404,0.002,0.001,2807.0,1452.0,1.0
t_std,0.054,0.282,0.036,0.056,0.005,0.004,1797.0,1272.0,1.0
t_subj.0,0.387,0.014,0.366,0.406,0.0,0.0,1717.0,2517.0,1.0
t_subj.1,0.329,0.009,0.313,0.346,0.0,0.0,1967.0,3772.0,1.0
t_subj.2,0.412,0.018,0.396,0.428,0.001,0.001,1034.0,645.0,1.0
t_subj.3,0.375,0.015,0.351,0.401,0.0,0.0,1710.0,1852.0,1.0
t_subj.4,0.338,0.015,0.318,0.364,0.001,0.0,2332.0,2087.0,1.0
t_subj.5,0.474,0.012,0.455,0.495,0.0,0.0,4861.0,8215.0,1.0
t_subj.6,0.36,0.012,0.346,0.377,0.0,0.0,2019.0,1787.0,1.0
t_subj.7,0.412,0.011,0.395,0.429,0.0,0.0,1309.0,1527.0,1.0
t_subj.8,0.388,0.021,0.371,0.414,0.001,0.001,998.0,587.0,1.0
t_subj.9,0.308,0.007,0.295,0.319,0.0,0.0,3355.0,4530.0,1.0
t_subj.10,0.357,0.017,0.33,0.383,0.001,0.0,698.0,1216.0,1.0
t_subj.11,0.412,0.013,0.395,0.429,0.001,0.0,988.0,892.0,1.01
t_subj.12,0.46,0.019,0.425,0.496,0.001,0.0,1102.0,2031.0,1.0
t_subj.13,0.428,0.021,0.394,0.458,0.001,0.0,2547.0,3680.0,1.0
t_subj.14,0.341,0.011,0.325,0.36,0.0,0.0,1645.0,1205.0,1.0
t_subj.15,0.4,0.012,0.385,0.416,0.001,0.0,929.0,765.0,1.01
t_subj.16,0.384,0.008,0.372,0.396,0.0,0.0,5766.0,8165.0,1.0
t_subj.17,0.355,0.011,0.342,0.369,0.0,0.0,2828.0,3924.0,1.0
t_subj.18,0.401,0.013,0.393,0.41,0.001,0.001,1766.0,860.0,1.0
t_subj.19,0.346,0.015,0.328,0.364,0.001,0.0,992.0,693.0,1.0
t_subj.20,0.341,0.013,0.318,0.363,0.0,0.0,1356.0,1280.0,1.0
t_subj.21,0.375,0.02,0.341,0.412,0.0,0.0,2056.0,4068.0,1.0
t_subj.22,0.428,0.008,0.413,0.44,0.0,0.0,2737.0,5571.0,1.0
t_subj.23,0.308,0.013,0.29,0.324,0.0,0.0,2621.0,2435.0,1.0
t_subj.24,0.384,0.012,0.363,0.404,0.0,0.0,2606.0,4266.0,1.0
t_subj.25,0.383,0.022,0.355,0.412,0.001,0.001,1037.0,685.0,1.0
t_subj.26,0.428,0.013,0.407,0.45,0.0,0.0,2121.0,3585.0,1.0
t_subj.27,0.483,0.029,0.439,0.527,0.001,0.001,1334.0,1554.0,1.0
t_subj.28,0.468,0.029,0.43,0.506,0.001,0.001,1199.0,1196.0,1.0
t_subj.30,0.368,0.022,0.334,0.403,0.001,0.0,2247.0,3393.0,1.0
t_subj.31,0.418,0.022,0.381,0.449,0.001,0.001,896.0,1590.0,1.0
t_subj.32,0.367,0.014,0.347,0.389,0.0,0.0,1894.0,2039.0,1.0
t_subj.33,0.385,0.014,0.36,0.407,0.0,0.0,2391.0,3906.0,1.0
t_subj.34,0.328,0.013,0.313,0.344,0.001,0.0,1983.0,2299.0,1.0
t_subj.35,0.334,0.013,0.314,0.352,0.001,0.0,962.0,695.0,1.0
t_subj.36,0.412,0.015,0.389,0.434,0.0,0.0,1553.0,2274.0,1.0
t_subj.37,0.402,0.011,0.39,0.415,0.0,0.0,1613.0,1224.0,1.0
t_subj.38,0.39,0.014,0.37,0.41,0.001,0.0,1105.0,1005.0,1.01
t_subj.39,0.391,0.018,0.367,0.416,0.001,0.0,1598.0,1890.0,1.0
t_subj.40,0.425,0.022,0.399,0.446,0.001,0.001,870.0,841.0,1.0
t_subj.41,0.37,0.01,0.356,0.384,0.0,0.0,2537.0,3675.0,1.0
t_subj.42,0.356,0.013,0.337,0.375,0.001,0.0,810.0,708.0,1.0
t_subj.43,0.405,0.014,0.383,0.43,0.0,0.0,2757.0,4334.0,1.0
t_subj.44,0.394,0.012,0.378,0.411,0.0,0.0,2012.0,2005.0,1.0
t_subj.45,0.395,0.02,0.367,0.424,0.001,0.001,1088.0,1063.0,1.0
t_subj.46,0.439,0.024,0.413,0.472,0.001,0.001,686.0,1323.0,1.0
t_subj.47,0.412,0.022,0.386,0.441,0.001,0.001,1961.0,2247.0,1.0
t_subj.48,0.423,0.022,0.383,0.461,0.001,0.0,1571.0,2293.0,1.0
t_subj.49,0.346,0.017,0.324,0.371,0.001,0.001,1012.0,973.0,1.0
t_subj.50,0.329,0.015,0.311,0.346,0.001,0.0,1787.0,1651.0,1.0
t_subj.51,0.43,0.027,0.397,0.466,0.001,0.001,1055.0,746.0,1.0
t_subj.52,0.458,0.037,0.406,0.513,0.001,0.001,1442.0,1747.0,1.0
z(neg.Co),0.405,0.014,0.379,0.427,0.001,0.0,1263.0,839.0,1.0
z(neg.Ic),0.403,0.014,0.38,0.426,0.001,0.0,1461.0,940.0,1.0
z(pos.Co),0.471,0.014,0.447,0.495,0.0,0.0,1384.0,1207.0,1.0
z(pos.Ic),0.476,0.014,0.451,0.5,0.001,0.0,1301.0,1182.0,1.0
z_std,0.265,0.023,0.227,0.302,0.001,0.001,1251.0,1026.0,1.0
z_subj(neg.Co).0,0.436,0.045,0.352,0.518,0.001,0.001,3054.0,3218.0,1.0
z_subj(neg.Co).1,0.35,0.039,0.277,0.423,0.001,0.0,4964.0,7145.0,1.0
z_subj(neg.Co).2,0.412,0.043,0.336,0.489,0.001,0.001,1825.0,771.0,1.0
z_subj(neg.Co).3,0.259,0.042,0.188,0.336,0.001,0.001,2472.0,1790.0,1.0
z_subj(neg.Co).4,0.308,0.038,0.239,0.377,0.001,0.001,3964.0,3106.0,1.0
z_subj(neg.Co).5,0.39,0.033,0.329,0.452,0.0,0.0,8904.0,11548.0,1.0
z_subj(neg.Co).6,0.363,0.041,0.287,0.433,0.001,0.001,3129.0,1687.0,1.0
z_subj(neg.Co).7,0.416,0.046,0.331,0.498,0.001,0.001,2661.0,2658.0,1.0
z_subj(neg.Co).8,0.447,0.046,0.365,0.533,0.001,0.001,1950.0,1354.0,1.0
z_subj(neg.Co).9,0.298,0.034,0.235,0.361,0.0,0.0,7280.0,10240.0,1.0
z_subj(neg.Co).10,0.419,0.044,0.336,0.495,0.001,0.001,2905.0,2111.0,1.0
z_subj(neg.Co).11,0.399,0.042,0.318,0.474,0.001,0.001,2259.0,2661.0,1.0
z_subj(neg.Co).12,0.41,0.042,0.329,0.485,0.001,0.001,3426.0,3227.0,1.0
z_subj(neg.Co).13,0.506,0.043,0.424,0.585,0.001,0.001,2940.0,5200.0,1.0
z_subj(neg.Co).14,0.306,0.043,0.229,0.382,0.001,0.001,2328.0,1402.0,1.0
z_subj(neg.Co).15,0.462,0.047,0.372,0.544,0.001,0.001,1465.0,874.0,1.0
z_subj(neg.Co).16,0.344,0.032,0.284,0.406,0.0,0.0,9928.0,12587.0,1.0
z_subj(neg.Co).17,0.366,0.04,0.292,0.44,0.001,0.001,4589.0,4052.0,1.0
z_subj(neg.Co).18,0.376,0.04,0.305,0.443,0.001,0.001,2917.0,1724.0,1.0
z_subj(neg.Co).19,0.36,0.042,0.285,0.437,0.001,0.001,2892.0,2100.0,1.0
z_subj(neg.Co).20,0.383,0.041,0.307,0.452,0.001,0.001,3755.0,2210.0,1.0
z_subj(neg.Co).21,0.394,0.042,0.317,0.475,0.001,0.0,4387.0,4660.0,1.0
z_subj(neg.Co).22,0.494,0.04,0.421,0.57,0.001,0.0,4777.0,6933.0,1.0
z_subj(neg.Co).23,0.339,0.039,0.267,0.412,0.001,0.0,5805.0,6376.0,1.0
z_subj(neg.Co).24,0.4,0.04,0.325,0.476,0.001,0.0,5445.0,8793.0,1.0
z_subj(neg.Co).25,0.322,0.042,0.247,0.397,0.001,0.001,2199.0,1058.0,1.0
z_subj(neg.Co).26,0.428,0.039,0.357,0.501,0.001,0.0,5302.0,6304.0,1.0
z_subj(neg.Co).27,0.444,0.043,0.366,0.52,0.001,0.001,2661.0,1791.0,1.0
z_subj(neg.Co).28,0.42,0.041,0.342,0.495,0.001,0.001,3303.0,2721.0,1.0
z_subj(neg.Co).30,0.47,0.041,0.396,0.548,0.001,0.001,3369.0,3851.0,1.0
z_subj(neg.Co).31,0.479,0.044,0.395,0.559,0.001,0.001,3013.0,3952.0,1.0
z_subj(neg.Co).32,0.461,0.041,0.383,0.535,0.001,0.001,3947.0,3773.0,1.0
z_subj(neg.Co).33,0.416,0.041,0.338,0.492,0.001,0.001,3094.0,3169.0,1.0
z_subj(neg.Co).34,0.379,0.041,0.304,0.456,0.001,0.0,4815.0,7603.0,1.0
z_subj(neg.Co).35,0.426,0.042,0.346,0.504,0.001,0.001,3496.0,2741.0,1.0
z_subj(neg.Co).36,0.494,0.042,0.413,0.572,0.001,0.001,2911.0,4444.0,1.0
z_subj(neg.Co).37,0.438,0.047,0.353,0.52,0.001,0.001,2254.0,1643.0,1.0
z_subj(neg.Co).38,0.392,0.043,0.311,0.469,0.001,0.001,3039.0,1728.0,1.0
z_subj(neg.Co).39,0.438,0.041,0.364,0.516,0.001,0.0,3955.0,3728.0,1.0
z_subj(neg.Co).40,0.497,0.049,0.404,0.587,0.001,0.001,1906.0,3646.0,1.0
z_subj(neg.Co).41,0.393,0.039,0.32,0.467,0.001,0.0,5804.0,9314.0,1.0
z_subj(neg.Co).42,0.449,0.046,0.363,0.536,0.001,0.001,2715.0,2839.0,1.0
z_subj(neg.Co).43,0.423,0.041,0.345,0.498,0.001,0.0,5710.0,9433.0,1.0
z_subj(neg.Co).44,0.437,0.052,0.34,0.532,0.001,0.001,2729.0,3657.0,1.0
z_subj(neg.Co).45,0.362,0.042,0.283,0.442,0.001,0.001,3417.0,3669.0,1.0
z_subj(neg.Co).46,0.423,0.047,0.335,0.506,0.001,0.001,1271.0,1775.0,1.0
z_subj(neg.Co).47,0.441,0.044,0.362,0.523,0.001,0.001,2830.0,3009.0,1.0
z_subj(neg.Co).48,0.419,0.042,0.34,0.5,0.001,0.001,3470.0,3972.0,1.0
z_subj(neg.Co).49,0.385,0.045,0.302,0.466,0.001,0.001,3133.0,4096.0,1.0
z_subj(neg.Co).50,0.381,0.04,0.309,0.458,0.001,0.001,3781.0,3641.0,1.0
z_subj(neg.Co).51,0.449,0.043,0.367,0.529,0.001,0.001,2183.0,1700.0,1.0
z_subj(neg.Co).52,0.411,0.042,0.331,0.487,0.001,0.001,3946.0,4188.0,1.0
z_subj(neg.Ic).0,0.442,0.042,0.362,0.521,0.001,0.001,3041.0,2913.0,1.0
z_subj(neg.Ic).1,0.34,0.038,0.269,0.41,0.0,0.0,5855.0,9359.0,1.0
z_subj(neg.Ic).2,0.408,0.042,0.327,0.484,0.001,0.001,2185.0,1281.0,1.0
z_subj(neg.Ic).3,0.308,0.04,0.234,0.381,0.001,0.0,4176.0,3845.0,1.0
z_subj(neg.Ic).4,0.277,0.031,0.219,0.335,0.0,0.0,5540.0,5277.0,1.0
z_subj(neg.Ic).5,0.434,0.037,0.367,0.505,0.0,0.0,8967.0,12013.0,1.0
z_subj(neg.Ic).6,0.458,0.041,0.382,0.53,0.001,0.001,3465.0,1751.0,1.0
z_subj(neg.Ic).7,0.486,0.044,0.403,0.567,0.001,0.001,2805.0,2537.0,1.0
z_subj(neg.Ic).8,0.444,0.044,0.362,0.523,0.001,0.001,2392.0,1214.0,1.0
z_subj(neg.Ic).9,0.285,0.028,0.233,0.339,0.0,0.0,8401.0,11864.0,1.0
z_subj(neg.Ic).10,0.357,0.044,0.279,0.435,0.001,0.001,2891.0,1651.0,1.0
z_subj(neg.Ic).11,0.369,0.042,0.291,0.45,0.001,0.001,2829.0,4949.0,1.0
z_subj(neg.Ic).12,0.453,0.045,0.371,0.542,0.001,0.001,2859.0,4320.0,1.0
z_subj(neg.Ic).13,0.452,0.04,0.375,0.526,0.001,0.0,5075.0,7436.0,1.0
z_subj(neg.Ic).14,0.306,0.039,0.239,0.374,0.001,0.001,2565.0,1404.0,1.0
z_subj(neg.Ic).15,0.486,0.045,0.407,0.572,0.001,0.001,1255.0,875.0,1.0
z_subj(neg.Ic).16,0.325,0.032,0.267,0.384,0.0,0.0,10188.0,12165.0,1.0
z_subj(neg.Ic).17,0.315,0.036,0.249,0.382,0.001,0.0,5911.0,6242.0,1.0
z_subj(neg.Ic).18,0.343,0.037,0.279,0.406,0.001,0.001,4230.0,1792.0,1.0
z_subj(neg.Ic).19,0.382,0.042,0.306,0.457,0.001,0.001,3380.0,2922.0,1.0
z_subj(neg.Ic).20,0.443,0.049,0.35,0.531,0.001,0.001,2452.0,2409.0,1.0
z_subj(neg.Ic).21,0.415,0.038,0.341,0.484,0.001,0.0,5712.0,6548.0,1.0
z_subj(neg.Ic).22,0.47,0.042,0.392,0.549,0.001,0.0,3645.0,8048.0,1.0
z_subj(neg.Ic).23,0.393,0.041,0.317,0.468,0.001,0.001,4138.0,3288.0,1.0
z_subj(neg.Ic).24,0.4,0.04,0.328,0.478,0.0,0.0,6940.0,9075.0,1.0
z_subj(neg.Ic).25,0.364,0.046,0.277,0.445,0.001,0.001,1972.0,1013.0,1.0
z_subj(neg.Ic).26,0.473,0.039,0.402,0.549,0.001,0.0,4170.0,5741.0,1.0
z_subj(neg.Ic).27,0.461,0.042,0.381,0.535,0.001,0.001,3063.0,3044.0,1.0
z_subj(neg.Ic).28,0.373,0.041,0.299,0.448,0.001,0.001,3725.0,3266.0,1.0
z_subj(neg.Ic).30,0.468,0.041,0.39,0.544,0.001,0.0,5243.0,6986.0,1.0
z_subj(neg.Ic).31,0.446,0.046,0.357,0.53,0.001,0.001,3199.0,4962.0,1.0
z_subj(neg.Ic).32,0.465,0.041,0.388,0.539,0.001,0.001,3762.0,3763.0,1.0
z_subj(neg.Ic).33,0.357,0.04,0.286,0.435,0.001,0.0,5878.0,7879.0,1.0
z_subj(neg.Ic).34,0.333,0.037,0.265,0.405,0.0,0.0,5940.0,8624.0,1.0
z_subj(neg.Ic).35,0.437,0.043,0.357,0.519,0.001,0.001,2907.0,1994.0,1.0
z_subj(neg.Ic).36,0.457,0.043,0.375,0.538,0.001,0.001,3300.0,4627.0,1.0
z_subj(neg.Ic).37,0.467,0.046,0.384,0.545,0.001,0.001,2350.0,1743.0,1.0
z_subj(neg.Ic).38,0.385,0.042,0.304,0.461,0.001,0.001,3311.0,3536.0,1.0
z_subj(neg.Ic).39,0.418,0.042,0.34,0.498,0.001,0.001,3623.0,5539.0,1.0
z_subj(neg.Ic).40,0.407,0.043,0.325,0.484,0.001,0.0,4378.0,6272.0,1.0
z_subj(neg.Ic).41,0.379,0.038,0.308,0.448,0.0,0.0,6071.0,9964.0,1.0
z_subj(neg.Ic).42,0.386,0.046,0.301,0.471,0.001,0.001,2658.0,2913.0,1.0
z_subj(neg.Ic).43,0.43,0.038,0.358,0.5,0.001,0.0,5862.0,7803.0,1.0
z_subj(neg.Ic).44,0.456,0.041,0.383,0.531,0.001,0.001,3557.0,2493.0,1.0
z_subj(neg.Ic).45,0.36,0.042,0.283,0.436,0.001,0.001,3060.0,1801.0,1.0
z_subj(neg.Ic).46,0.387,0.042,0.31,0.463,0.001,0.001,2097.0,1988.0,1.0
z_subj(neg.Ic).47,0.482,0.041,0.404,0.556,0.001,0.001,3105.0,3834.0,1.0
z_subj(neg.Ic).48,0.44,0.042,0.36,0.519,0.001,0.001,3452.0,4372.0,1.0
z_subj(neg.Ic).49,0.401,0.044,0.319,0.481,0.001,0.001,2701.0,4898.0,1.0
z_subj(neg.Ic).50,0.383,0.039,0.308,0.454,0.001,0.001,3700.0,2577.0,1.0
z_subj(neg.Ic).51,0.456,0.043,0.375,0.536,0.001,0.001,2617.0,2863.0,1.0
z_subj(neg.Ic).52,0.4,0.042,0.319,0.475,0.001,0.001,4049.0,4187.0,1.0
z_subj(pos.Co).0,0.483,0.043,0.401,0.561,0.001,0.001,3170.0,3089.0,1.0
z_subj(pos.Co).1,0.358,0.038,0.29,0.431,0.001,0.0,5122.0,9668.0,1.0
z_subj(pos.Co).2,0.509,0.041,0.433,0.584,0.001,0.001,1962.0,1124.0,1.0
z_subj(pos.Co).3,0.556,0.043,0.472,0.633,0.001,0.001,2444.0,3312.0,1.0
z_subj(pos.Co).4,0.448,0.043,0.368,0.527,0.001,0.0,5729.0,5369.0,1.0
z_subj(pos.Co).5,0.506,0.038,0.435,0.578,0.0,0.0,6049.0,9216.0,1.0
z_subj(pos.Co).6,0.482,0.042,0.404,0.558,0.001,0.001,2658.0,1723.0,1.0
z_subj(pos.Co).7,0.418,0.044,0.334,0.5,0.001,0.001,2678.0,2261.0,1.0
z_subj(pos.Co).8,0.433,0.044,0.355,0.513,0.001,0.001,1659.0,1043.0,1.0
z_subj(pos.Co).9,0.491,0.038,0.422,0.563,0.001,0.0,5327.0,8221.0,1.0
z_subj(pos.Co).10,0.461,0.049,0.37,0.555,0.001,0.001,1783.0,2314.0,1.0
z_subj(pos.Co).11,0.505,0.043,0.425,0.585,0.001,0.001,2470.0,5049.0,1.0
z_subj(pos.Co).12,0.481,0.044,0.395,0.561,0.001,0.001,2825.0,4034.0,1.0
z_subj(pos.Co).13,0.482,0.039,0.41,0.557,0.0,0.0,6787.0,9216.0,1.0
z_subj(pos.Co).14,0.421,0.043,0.342,0.499,0.001,0.001,2461.0,1407.0,1.0
z_subj(pos.Co).15,0.398,0.044,0.319,0.475,0.001,0.001,1889.0,966.0,1.0
z_subj(pos.Co).16,0.456,0.042,0.376,0.536,0.001,0.0,5664.0,8131.0,1.0
z_subj(pos.Co).17,0.535,0.043,0.453,0.613,0.001,0.001,3653.0,4618.0,1.0
z_subj(pos.Co).18,0.424,0.038,0.356,0.499,0.001,0.0,4269.0,2864.0,1.0
z_subj(pos.Co).19,0.557,0.04,0.483,0.63,0.001,0.0,3662.0,6159.0,1.0
z_subj(pos.Co).20,0.44,0.046,0.353,0.524,0.001,0.001,2778.0,4959.0,1.0
z_subj(pos.Co).21,0.507,0.042,0.433,0.59,0.001,0.001,2729.0,5251.0,1.0
z_subj(pos.Co).22,0.447,0.036,0.381,0.516,0.0,0.0,8413.0,12258.0,1.0
z_subj(pos.Co).23,0.461,0.041,0.382,0.533,0.001,0.0,4594.0,7974.0,1.0
z_subj(pos.Co).24,0.362,0.036,0.296,0.43,0.0,0.0,6164.0,9683.0,1.0
z_subj(pos.Co).25,0.524,0.042,0.441,0.598,0.001,0.001,2155.0,1400.0,1.0
z_subj(pos.Co).26,0.452,0.039,0.375,0.523,0.001,0.0,4795.0,7450.0,1.0
z_subj(pos.Co).27,0.486,0.044,0.405,0.567,0.001,0.001,2376.0,2372.0,1.0
z_subj(pos.Co).28,0.529,0.041,0.451,0.604,0.001,0.001,2813.0,5243.0,1.0
z_subj(pos.Co).30,0.471,0.041,0.394,0.549,0.001,0.0,4156.0,5582.0,1.0
z_subj(pos.Co).31,0.434,0.044,0.35,0.515,0.001,0.001,3618.0,6945.0,1.0
z_subj(pos.Co).32,0.408,0.041,0.331,0.485,0.001,0.0,4204.0,5382.0,1.0
z_subj(pos.Co).33,0.509,0.041,0.429,0.584,0.001,0.0,3762.0,5073.0,1.0
z_subj(pos.Co).34,0.567,0.038,0.496,0.635,0.001,0.0,3745.0,6980.0,1.0
z_subj(pos.Co).35,0.351,0.041,0.272,0.427,0.001,0.001,2501.0,2487.0,1.0
z_subj(pos.Co).36,0.494,0.047,0.407,0.582,0.001,0.001,2670.0,4636.0,1.0
z_subj(pos.Co).37,0.474,0.044,0.398,0.552,0.001,0.001,2483.0,1567.0,1.0
z_subj(pos.Co).38,0.471,0.041,0.392,0.548,0.001,0.001,3189.0,3080.0,1.0
z_subj(pos.Co).39,0.477,0.039,0.402,0.55,0.001,0.0,4085.0,6904.0,1.0
z_subj(pos.Co).40,0.424,0.047,0.333,0.509,0.001,0.001,2557.0,3896.0,1.0
z_subj(pos.Co).41,0.482,0.04,0.404,0.555,0.001,0.0,3990.0,7286.0,1.0
z_subj(pos.Co).42,0.491,0.043,0.409,0.569,0.001,0.001,2285.0,2807.0,1.0
z_subj(pos.Co).43,0.453,0.041,0.372,0.529,0.001,0.0,5527.0,8072.0,1.0
z_subj(pos.Co).44,0.502,0.042,0.421,0.579,0.001,0.001,3539.0,3426.0,1.0
z_subj(pos.Co).45,0.547,0.042,0.468,0.626,0.001,0.001,3287.0,3641.0,1.0
z_subj(pos.Co).46,0.43,0.042,0.354,0.51,0.001,0.001,3942.0,3218.0,1.0
z_subj(pos.Co).47,0.473,0.038,0.4,0.543,0.001,0.001,3805.0,2900.0,1.0
z_subj(pos.Co).48,0.481,0.042,0.401,0.558,0.001,0.001,3569.0,4798.0,1.0
z_subj(pos.Co).49,0.515,0.044,0.43,0.592,0.001,0.001,2428.0,3818.0,1.0
z_subj(pos.Co).50,0.496,0.041,0.422,0.576,0.001,0.0,4045.0,4693.0,1.0
z_subj(pos.Co).51,0.455,0.043,0.373,0.53,0.001,0.001,2905.0,2450.0,1.0
z_subj(pos.Co).52,0.524,0.04,0.449,0.596,0.001,0.0,4471.0,6446.0,1.0
z_subj(pos.Ic).0,0.458,0.042,0.379,0.534,0.001,0.001,3280.0,2863.0,1.0
z_subj(pos.Ic).1,0.359,0.047,0.275,0.446,0.001,0.001,3181.0,7629.0,1.0
z_subj(pos.Ic).2,0.531,0.041,0.455,0.609,0.001,0.001,1872.0,1263.0,1.0
z_subj(pos.Ic).3,0.502,0.043,0.423,0.583,0.001,0.001,2169.0,2683.0,1.0
z_subj(pos.Ic).4,0.36,0.04,0.283,0.434,0.001,0.001,3517.0,3338.0,1.0
z_subj(pos.Ic).5,0.476,0.038,0.404,0.547,0.0,0.0,7102.0,11153.0,1.0
z_subj(pos.Ic).6,0.358,0.04,0.283,0.43,0.001,0.001,3162.0,1772.0,1.0
z_subj(pos.Ic).7,0.457,0.043,0.376,0.534,0.001,0.001,2640.0,2450.0,1.0
z_subj(pos.Ic).8,0.454,0.043,0.374,0.53,0.001,0.001,1894.0,1227.0,1.0
z_subj(pos.Ic).9,0.437,0.039,0.365,0.509,0.001,0.0,5523.0,9292.0,1.0
z_subj(pos.Ic).10,0.534,0.043,0.452,0.612,0.001,0.001,2200.0,2330.0,1.0
z_subj(pos.Ic).11,0.558,0.04,0.483,0.633,0.001,0.001,2018.0,4298.0,1.0
z_subj(pos.Ic).12,0.489,0.042,0.412,0.568,0.001,0.0,3799.0,5809.0,1.0
z_subj(pos.Ic).13,0.501,0.039,0.426,0.573,0.001,0.0,4733.0,7004.0,1.0
z_subj(pos.Ic).14,0.374,0.043,0.297,0.451,0.001,0.001,2052.0,927.0,1.0
z_subj(pos.Ic).15,0.379,0.046,0.292,0.458,0.002,0.001,1590.0,732.0,1.0
z_subj(pos.Ic).16,0.478,0.045,0.393,0.56,0.001,0.0,4705.0,8004.0,1.0
z_subj(pos.Ic).17,0.483,0.04,0.408,0.557,0.001,0.0,4559.0,5304.0,1.0
z_subj(pos.Ic).18,0.442,0.041,0.367,0.515,0.001,0.001,2838.0,1457.0,1.0
z_subj(pos.Ic).19,0.454,0.042,0.374,0.531,0.001,0.001,2589.0,1420.0,1.0
z_subj(pos.Ic).20,0.413,0.048,0.319,0.499,0.001,0.001,2386.0,2467.0,1.0
z_subj(pos.Ic).21,0.522,0.042,0.442,0.6,0.001,0.0,3696.0,4973.0,1.0
z_subj(pos.Ic).22,0.439,0.037,0.37,0.507,0.0,0.0,8654.0,9992.0,1.0
z_subj(pos.Ic).23,0.56,0.04,0.487,0.635,0.001,0.0,3664.0,6270.0,1.0
z_subj(pos.Ic).24,0.399,0.036,0.332,0.468,0.0,0.0,7772.0,11216.0,1.0
z_subj(pos.Ic).25,0.467,0.044,0.383,0.546,0.001,0.001,2238.0,1226.0,1.0
z_subj(pos.Ic).26,0.495,0.042,0.418,0.575,0.001,0.001,3148.0,3995.0,1.0
z_subj(pos.Ic).27,0.546,0.043,0.465,0.622,0.001,0.001,2414.0,2772.0,1.0
z_subj(pos.Ic).28,0.516,0.04,0.438,0.589,0.001,0.001,3243.0,5948.0,1.0
z_subj(pos.Ic).30,0.522,0.038,0.453,0.594,0.001,0.0,4970.0,5242.0,1.0
z_subj(pos.Ic).31,0.462,0.044,0.38,0.544,0.001,0.001,3405.0,5529.0,1.0
z_subj(pos.Ic).32,0.413,0.042,0.334,0.489,0.001,0.0,4294.0,5423.0,1.0
z_subj(pos.Ic).33,0.535,0.044,0.451,0.617,0.001,0.001,3552.0,5563.0,1.0
z_subj(pos.Ic).34,0.544,0.039,0.47,0.615,0.001,0.0,3613.0,5541.0,1.0
z_subj(pos.Ic).35,0.383,0.042,0.307,0.462,0.001,0.001,2889.0,2618.0,1.0
z_subj(pos.Ic).36,0.453,0.041,0.375,0.529,0.001,0.0,4171.0,7134.0,1.0
z_subj(pos.Ic).37,0.435,0.053,0.343,0.527,0.001,0.001,2250.0,1619.0,1.0
z_subj(pos.Ic).38,0.574,0.039,0.502,0.647,0.001,0.001,2646.0,3641.0,1.0
z_subj(pos.Ic).39,0.475,0.042,0.398,0.553,0.001,0.001,3496.0,5505.0,1.0
z_subj(pos.Ic).40,0.486,0.043,0.399,0.562,0.001,0.001,2542.0,5496.0,1.0
z_subj(pos.Ic).41,0.492,0.042,0.414,0.571,0.001,0.0,3759.0,6423.0,1.0
z_subj(pos.Ic).42,0.49,0.043,0.411,0.572,0.001,0.001,2385.0,2073.0,1.0
z_subj(pos.Ic).43,0.536,0.037,0.468,0.605,0.001,0.0,5057.0,7762.0,1.0
z_subj(pos.Ic).44,0.538,0.043,0.457,0.616,0.001,0.001,2954.0,2339.0,1.0
z_subj(pos.Ic).45,0.506,0.042,0.428,0.584,0.001,0.001,2661.0,2814.0,1.0
z_subj(pos.Ic).46,0.542,0.045,0.46,0.624,0.001,0.001,1205.0,1790.0,1.0
z_subj(pos.Ic).47,0.554,0.038,0.482,0.625,0.001,0.001,3300.0,3636.0,1.0
z_subj(pos.Ic).48,0.498,0.041,0.42,0.571,0.001,0.001,3486.0,4232.0,1.0
z_subj(pos.Ic).49,0.459,0.044,0.377,0.54,0.001,0.001,2508.0,3502.0,1.0
z_subj(pos.Ic).50,0.478,0.041,0.402,0.556,0.001,0.0,4199.0,5129.0,1.0
z_subj(pos.Ic).51,0.466,0.041,0.387,0.54,0.001,0.001,2505.0,1797.0,1.0
z_subj(pos.Ic).52,0.477,0.043,0.397,0.556,0.001,0.001,3744.0,5988.0,1.0
