"subj_idx","response","rt"
0,1,0.73167460001423
0,1,0.541282300007879
0,1,0.765906300002825
0,1,0.99894590000622
0,1,0.650377600002685
0,1,0.536214100007783
0,1,0.760136700017028
0,1,0.683811200011405
0,1,0.632644900004379
0,1,0.651002300000982
0,1,0.675458900019294
0,1,0.48384729999816
0,1,0.608786500015412
0,1,0.610180100018624
0,1,0.692515300004743
0,1,0.498000300023705
0,1,0.580893600010313
0,1,0.642668800006504
0,1,0.507951200008392
0,1,0.565815900001326
0,1,0.689951200009091
0,1,0.932887600007234
0,1,0.637840200011851
0,1,1.49607960000867
0,1,0.65878710000834
0,1,0.61677450001298
0,1,0.864825000011479
0,1,0.63382340001408
0,1,0.450141700013774
0,1,0.646662900006049
0,1,1.3975602999999
0,1,0.772841600017273
0,1,0.711116400008905
0,1,0.667279500019504
0,1,0.480203800005256
0,0,0.484255400006077
0,1,0.792313500016462
0,1,0.536070800008019
0,1,0.549430100014433
0,1,0.670322400008445
0,1,1.12938660001964
0,1,1.26728450001974
0,1,0.639684900001157
0,1,0.599873500017566
0,1,2.32227260000946
0,1,0.680186400015373
0,1,0.591239100001985
0,1,0.82159550000506
0,1,1.09787460001826
0,1,0.619271200004732
0,1,0.912069400015753
0,1,1.13951270001417
0,1,1.13749910000479
0,1,0.640509400007431
0,1,0.750329100003
0,0,1.10851700001513
0,1,0.513398400013102
0,1,0.641793700007838
0,1,0.603817300012452
0,1,0.784038600002532
0,1,0.503026000005775
0,1,0.498221200003172
0,1,0.599459400007618
0,1,0.5653544000088
0,1,0.609749400013243
0,1,1.50524540001061
0,1,0.615807500013034
0,1,0.724974199998542
0,1,0.58617370002321
0,1,0.590743000007933
0,1,0.848717000000761
0,1,0.71016720001353
0,1,0.643923800002085
0,1,0.61149250001472
0,1,0.689821000021766
0,1,0.667355100013083
0,1,0.628923900003429
0,1,0.65151490001881
0,1,0.658459600017522
0,1,0.596678000001702
1,1,0.681888700000854
1,1,0.568863099997543
1,1,0.654415400000289
1,1,0.604941800000233
1,1,0.514102599998296
1,1,0.676879800001188
1,1,0.658066299998609
1,0,0.44139290000021
1,1,0.516857800001162
1,1,0.578610799999296
1,0,0.65053110000008
1,1,0.630104700001539
1,1,0.527614399998129
1,1,0.581657300001098
1,1,0.507704799998464
1,1,0.488693399998738
1,1,0.440676499998517
1,1,0.498114100002567
1,1,0.495497299998533
1,1,0.731360300000233
1,1,0.635859199999686
1,1,0.544166300001962
1,1,0.72687230000156
1,1,0.616147000000637
1,1,0.459921699999541
1,1,0.523271800000657
1,1,0.467818400000397
1,1,0.551776599997538
1,1,0.696782200000598
1,0,0.511629799999355
1,1,0.441833999997471
1,1,0.673084000001836
1,1,0.564355300000898
1,1,0.535856100003002
1,1,0.478020300000935
1,1,0.562265299999126
1,1,0.546280900001875
1,1,1.45643700000073
1,1,0.592908999999054
1,1,0.505425700001069
1,1,0.52922480000052
1,1,0.472039800002676
1,1,0.732257199997548
1,1,0.488297899999452
1,1,0.740561799997522
1,1,0.556736900001852
1,1,0.643212399998447
1,1,0.673819899999216
1,1,0.499375200000941
1,1,0.465407799998502
1,0,0.418142000002263
1,1,0.599055299997417
1,1,0.583582200000819
1,1,0.621233600002597
1,0,0.631954000000405
1,1,0.511321900001349
1,1,0.650232699998014
1,1,0.48370100000102
1,1,0.481102900001133
1,1,0.522525000000314
1,1,0.615730000001349
1,1,0.499229199998808
1,1,0.46918899999946
1,1,0.741034200000286
1,1,0.499256900002365
1,1,0.604735299999447
1,1,0.537956899999699
1,1,0.70318540000153
1,1,0.599831800001994
1,1,0.378701499997987
1,1,0.455245500001183
1,1,0.568991799998912
1,1,0.885073099998408
1,0,0.344254499999806
1,1,0.453128600001946
1,1,0.631968300000153
1,1,0.44422730000224
1,1,0.84526029999688
10,1,0.568090099986875
10,1,0.54401979999966
10,1,0.611644800024806
10,1,0.434530500002438
10,1,0.941800100001274
10,1,0.530494100006763
10,1,0.447014799981844
10,1,0.543414299987489
10,1,0.683665299991844
10,1,0.478496299998369
10,1,0.671104900015052
10,1,0.601322600006824
10,1,0.469504800013965
10,1,0.608802600007039
10,1,0.665084500011289
10,1,0.545491600001696
10,1,0.48379319999367
10,1,0.516485200001625
10,1,0.449067300010938
10,1,0.557953000010457
10,1,0.535412800003542
10,1,0.504604899993865
10,1,0.436389700014843
10,1,0.609249699977227
10,1,0.526368699996965
10,1,0.453037300001597
10,1,0.56756709999172
10,1,0.48963170000934
10,1,0.483351799979573
10,1,0.522496799996588
10,1,0.591840799985221
10,1,0.450714100006735
10,1,0.659710100007942
10,1,0.453214899986051
10,1,1.30852769999183
10,1,0.835492999991402
10,1,0.592857100011315
10,1,0.512421899999026
10,1,0.575834100018255
10,1,0.570597699988866
10,1,0.559221400006209
10,1,1.1128558999917
10,1,0.521602799999528
10,1,0.448630800005049
10,1,0.524349400016945
10,1,0.492280400008895
10,1,0.599750800000038
10,1,0.528450000012526
10,1,0.587517200008733
10,1,0.522131499979878
10,1,0.512714699987555
10,1,0.481495199986966
10,1,0.60934970001108
10,1,0.524585700011812
10,1,0.528740300011123
10,0,1.1479986999766
10,1,0.468490200000815
10,1,0.509742900001584
10,1,0.437376699992456
10,1,0.472218500013696
10,1,0.529405100009171
10,1,0.557431600027485
10,1,0.881242499977816
10,1,0.446897399990121
10,1,0.462518299988005
10,1,0.618419500009622
10,1,0.56209459999809
10,1,0.618144899985055
10,1,0.713393300015014
10,1,0.414690900011919
10,1,0.451511599996593
10,1,0.537265299994033
10,1,0.594634000008227
10,1,0.819365499977721
10,1,1.28628289999324
10,1,0.566973000008147
10,1,0.973971100000199
10,1,0.483038900012616
10,1,0.381876200000988
10,1,0.609785800013924
11,1,0.49208930000168
11,1,0.615398400001141
11,1,0.489350199997716
11,1,0.555288199997449
11,1,0.80892269999822
11,1,0.558125699997618
11,1,0.542210899999191
11,1,0.556070200000249
11,1,0.576599899999565
11,1,0.807114999999612
11,1,0.797927200001141
11,1,0.579663299999083
11,1,0.566982899999857
11,1,0.559019000000262
11,1,0.848981600000116
11,1,0.496800500000973
11,1,0.542219300001307
11,1,0.574275099999795
11,1,0.591838299998926
11,1,0.600791599998047
11,1,0.481172699997842
11,1,0.504192100001092
11,1,0.519169399998646
11,1,0.516064600000391
11,1,0.467224899999565
11,1,0.712045299998863
11,1,0.658622499999183
11,1,0.678566100003081
11,1,0.535502599999745
11,1,0.552180099999532
11,1,0.518558799998573
11,1,0.528441599999496
11,1,0.566328100001556
11,1,0.606964599999628
11,1,0.757713800001511
11,1,0.587637599997834
11,1,0.568729599999642
11,1,0.633299500001158
11,1,0.571920800000953
11,1,0.578014700000494
11,1,0.479775700001483
11,1,0.555201300001499
11,1,0.50456000000122
11,1,0.513869300000806
11,1,0.564453400002094
11,1,0.506553999999596
11,1,0.534531000001152
11,1,0.57966640000086
11,1,0.464508600001864
11,1,0.63292630000069
11,1,0.649831599999743
11,1,0.592094800002087
11,1,0.692792800000461
11,1,0.555982300000323
11,1,0.605687700000999
11,1,0.876228799999808
11,1,0.591214600000967
11,1,0.574617000002036
11,1,0.597909800002526
11,1,0.51967650000006
11,1,0.621506700001191
11,1,0.495325200001389
11,1,0.534171799998148
11,1,0.406034400002682
11,1,0.544728100001521
11,1,0.579261999999289
11,1,0.587311900002533
11,1,0.54889319999711
11,1,0.59345089999988
11,1,0.594977499997185
11,1,0.637605699997948
11,1,0.4546119000006
11,1,0.564626300001692
11,1,0.53209760000027
11,1,0.551468300000124
11,1,0.819338000001153
11,1,0.593094600000768
12,1,0.832971200000429
12,1,1.04410890000054
12,1,1.08174340000005
12,1,0.718678199999886
12,1,0.754175000000032
12,1,1.43450310000026
12,1,0.797700000000077
12,1,0.692304000000149
12,1,0.657379199999923
12,1,0.776063799999974
12,1,0.89882420000049
12,1,0.813471899999968
12,1,0.795595700000376
12,1,1.04757890000019
12,1,0.866998399999829
12,1,0.835888100000375
12,1,1.01396770000065
12,1,0.676160099999834
12,1,0.60182210000039
12,1,0.829509099999996
12,1,1.15324849999979
12,1,0.605750300000182
12,1,0.909799699999894
12,1,0.712779699999373
12,1,1.42344740000044
12,1,1.61965419999979
12,1,0.860802000000149
12,1,0.755610000000161
12,1,0.570470200000273
12,1,0.729456300000493
12,1,0.680765699999938
12,1,0.675129600000218
12,1,0.609109300000455
12,1,0.580765700000484
12,1,0.923243400000501
12,1,0.802084900000409
12,1,0.730282099999386
12,1,0.746619099999407
12,1,0.869077699999252
12,1,0.708092599999873
12,1,1.42672480000056
12,1,0.798955199999909
12,1,0.795877200000177
12,1,0.711864799999603
12,1,0.644137900000715
12,1,0.694361699999718
12,1,0.676867199999833
12,1,0.757840199999919
12,1,0.575582599999507
12,1,0.739037700000154
12,1,0.696585900000173
12,1,0.858847400000741
12,1,1.99453569999969
12,1,1.09622930000023
12,1,0.681024200000138
12,1,0.66373350000049
12,1,0.645627199999581
12,1,0.971529200000077
12,1,0.69027079999978
12,1,1.23098420000042
12,1,0.631170499999826
12,1,0.626191600000311
12,1,0.640669699999307
12,1,0.797170599999845
12,1,0.848993200000223
12,1,0.513239699999758
12,1,1.18628440000066
12,1,0.962576500000068
12,1,0.695613400000184
12,1,0.879004799999166
12,1,0.731032500000765
12,1,0.67008209999949
12,1,1.01122010000017
12,1,1.13519720000022
12,1,0.641793100000541
12,1,0.764966900000218
12,1,0.612769200000002
12,1,0.76463909999984
12,1,0.658795899999859
12,1,0.698864599999979
13,1,0.687725499999942
13,1,1.25182150000001
13,1,0.66739459999917
13,1,0.771818000001076
13,0,0.770509199999651
13,1,0.721840500000326
13,1,0.778755999999703
13,1,0.673827000000529
13,1,0.977565399998639
13,1,1.12829599999895
13,1,0.69978059999994
13,1,0.760013499999332
13,1,0.609624000000622
13,1,0.795461899999282
13,1,0.853710500001398
13,1,0.580854899999395
13,1,1.02682060000006
13,1,0.896984500001054
13,1,0.894097999998849
13,1,0.7449016999999
13,1,0.579337600000144
13,1,2.06843599999956
13,1,1.71709509999891
13,1,1.22820470000079
13,1,0.825102599999809
13,1,0.606738200000109
13,1,0.77298250000058
13,1,0.668035299999246
13,1,1.1504393999985
13,1,0.527406299999711
13,1,0.930998899999395
13,1,1.32594379999864
13,1,0.5183038999985
13,1,2.28431819999969
13,0,0.955823900001633
13,1,0.768983899999512
13,1,0.652562900000703
13,1,0.73630200000116
13,1,0.903164999999717
13,1,0.591992899999241
13,1,0.776607700001477
13,1,0.77651700000024
13,1,1.24872340000002
13,1,0.731045100001211
13,0,0.911490099999355
13,1,0.945584200000667
13,1,1.95793100000083
13,1,1.67062249999981
13,1,0.690970100000413
13,1,1.1941126999991
13,1,0.718812099999923
13,1,1.07364980000057
13,1,0.596740900000441
13,0,1.2721032999998
13,1,0.732002000000648
13,1,0.609175300000061
13,1,0.780372700000953
13,1,1.20690800000011
13,1,0.66449410000132
13,1,0.563362599999891
13,1,0.794663700000456
13,1,0.716159499999776
13,1,0.612085200000365
13,1,0.678595699999278
13,1,0.871300499999052
13,1,0.751294800000323
13,1,0.792788400000063
13,1,0.750303999999232
13,1,1.33809539999856
13,1,0.753097700000581
13,1,1.62875709999935
13,0,0.784615900000063
13,0,1.28931610000109
13,1,1.47086300000046
13,1,1.09814269999879
13,1,0.63490769999953
13,1,1.34624570000051
14,1,0.824723700000504
14,1,0.951941700000134
14,1,0.453662200000508
14,1,0.579928000000109
14,0,0.454706700000315
14,1,0.678799400000571
14,1,0.441982800000005
14,1,0.625214400000004
14,1,0.722898299999542
14,0,0.394328200000018
14,1,0.558492999999544
14,1,0.496458800000255
14,0,0.372182499999326
14,1,0.500164300000506
14,1,0.549116600000161
14,1,0.430803100000048
14,1,0.716618200000084
14,1,0.732520300000033
14,1,0.618051000000378
14,0,0.578653800000211
14,1,0.508163099999365
14,1,0.60016110000015
14,1,0.472449400000187
14,1,0.630817899999784
14,1,0.544754199999261
14,1,0.490230800000063
14,1,0.605626200000188
14,1,0.481700399999681
14,1,0.541806199999883
14,1,0.404765199999929
14,1,0.457894600000145
14,1,0.488084099999469
14,1,0.510928199999398
14,1,0.554182300000321
14,1,0.583762100000058
14,0,0.568647499999315
14,1,0.53007450000041
14,1,0.721269300000131
14,1,0.791837499999929
14,0,0.451657600000544
14,1,0.586859400000321
14,1,0.537140699999327
14,0,0.74391629999991
14,1,0.550448299999516
14,1,0.411720699999933
14,1,0.587474500000098
14,1,0.654862100000173
14,1,0.556912799999736
14,1,0.408145800000057
14,1,0.504219999999805
14,1,0.525973800000429
14,1,0.542618500000572
14,1,0.656876899999588
14,1,0.569898499999908
14,1,0.662435199999891
14,1,0.444833900000049
14,1,0.494988399999784
14,1,0.662697500000831
14,1,0.688146700000289
14,1,0.519924400000491
14,1,0.480451000000357
14,1,0.529989900000146
14,1,0.500158200000442
14,1,0.774682700000085
14,1,0.535599499999989
14,0,0.588239800000338
14,1,0.482570799999849
14,1,0.497321999999258
14,1,0.414288199999646
14,1,0.761668699999973
14,1,0.496439800000189
14,1,0.574952300000405
14,1,0.54202769999938
14,1,0.619188200000281
14,1,0.527648600000248
14,1,0.473673000000417
14,1,0.668457599999783
14,1,0.556729800000539
14,1,0.637090199999875
14,1,0.57415680000031
15,1,0.572732699999506
15,1,0.547651799999585
15,1,0.626914399999805
15,1,0.513628299999255
15,1,0.584718499999326
15,1,0.480961000000207
15,1,0.579002299999956
15,1,0.569156100000328
15,1,0.654534100000092
15,1,0.5422937000003
15,1,0.604150400000435
15,1,0.624452000000019
15,1,0.565211699999963
15,1,0.503572399999939
15,1,0.516434399999525
15,1,0.655250799999521
15,1,0.628174399999807
15,1,0.567918699999609
15,1,0.645299300000261
15,1,0.527276599999823
15,1,0.620739699999831
15,1,0.604925799999364
15,1,0.714458899999954
15,1,0.55196210000031
15,1,1.14412559999982
15,1,0.587745499999983
15,1,0.750924400000258
15,1,0.53164839999954
15,1,0.566311900000073
15,1,0.517361700000038
15,1,0.581158699999833
15,1,0.583931600000142
15,1,0.527450700000372
15,1,0.999005199999374
15,1,0.510896299999331
15,1,0.518350000000282
15,1,0.5455151999995
15,1,0.617527299999892
15,1,0.942420699999275
15,1,0.508022600000004
15,1,0.570274800000334
15,1,0.485721699999885
15,1,0.588025899999593
15,1,0.540389599999799
15,1,0.54232359999969
15,0,0.46817319999991
15,1,0.578032699999312
15,1,0.511742000000595
15,1,0.571394100000362
15,1,0.531370400000014
15,1,0.535811199999443
15,1,0.551878300000681
15,1,0.534260699999322
15,1,0.516789599999356
15,1,0.534094800000275
15,1,0.672316500000306
15,1,0.735026800000014
15,1,0.546746899999562
15,1,0.618011099999421
15,1,0.585286600000472
15,0,0.447698099999798
15,1,0.563749799999641
15,1,0.718313000000308
15,1,0.518301900000552
15,1,0.606125499999507
15,1,0.599406500000441
15,1,0.609449899999163
15,1,0.527043300000514
15,1,0.568109200000436
15,1,0.538018999999622
15,1,0.531088100000488
15,1,0.485384999999951
15,1,0.509154299999864
15,1,0.526434600000357
15,1,0.530964100000347
15,1,0.614822800000184
15,1,0.560491399999592
15,1,0.564441700000316
15,1,0.544956699999602
15,1,1.13725499999964
16,1,0.623658700000306
16,0,0.859293499999694
16,1,0.613864599999943
16,1,0.465929300000425
16,1,0.764847599999484
16,1,0.51424279999992
16,1,0.80992519999927
16,1,0.500844600001074
16,1,0.754799300000741
16,1,0.632010999999693
16,1,0.544204199999513
16,1,0.529892500000642
16,1,0.595028900001125
16,1,1.8565595
16,1,0.636841800000184
16,1,0.516193700001168
16,1,0.527161500000147
16,1,0.561287800001082
16,0,0.306467700000212
16,1,0.587772000000768
16,1,0.585495400000582
16,1,0.493093099999896
16,1,0.565765600000304
16,1,0.591874499999903
16,1,1.04881240000032
16,1,0.618687200001659
16,1,0.623368200000186
16,1,0.539967599999727
16,1,0.426202100001319
16,0,1.94086160000006
16,1,0.595048600000155
16,1,0.501211400000102
16,1,0.554048899999543
16,1,0.677080499999647
16,1,0.601153199999317
16,1,0.558630300000004
16,1,0.596051700000316
16,1,0.50644420000026
16,1,0.441433899999538
16,1,0.570399599999291
16,1,0.521825200001331
16,1,0.584474199999022
16,1,0.551287799999045
16,1,0.62377430000015
16,1,0.523855800000092
16,1,0.954307199999676
16,1,0.63605120000102
16,1,0.570579900000666
16,1,0.521460300000399
16,1,0.517813000000388
16,1,0.939404200000354
16,1,0.516844199999468
16,1,0.697791299999153
16,1,0.651453799999217
16,1,0.69920380000076
16,1,0.559065400000691
16,1,0.50474530000065
16,0,1.37583730000006
16,1,0.483238699998765
16,1,0.582443799999965
16,1,0.602583600000798
16,1,0.455748499998663
16,1,0.531449600000997
16,1,1.45354469999984
16,1,1.56368800000018
16,1,0.477805700000317
16,1,0.5292483000012
16,1,0.498704800000269
16,1,0.556831100000636
16,1,1.38704270000017
16,1,0.445512500000405
16,1,0.587781500000347
16,1,0.614694500000041
16,1,0.580196499999147
16,1,0.702391099999659
17,1,0.532183899998927
17,1,0.618007700000817
17,1,0.551040700000158
17,1,0.501143599998613
17,1,0.493147400000453
17,1,0.493261399999028
17,1,0.582604999999603
17,0,0.909660700001041
17,1,0.498926099999153
17,1,0.482014699999127
17,1,0.56102650000139
17,1,0.628036300000531
17,1,0.664903299999423
17,1,0.487387400000443
17,1,0.495212399999218
17,1,0.513544699999329
17,1,0.829854300000079
17,1,0.518750600000203
17,1,0.425817900000766
17,1,0.414105599998948
17,1,0.475040199999057
17,1,0.65737850000005
17,1,0.483458599999722
17,1,0.566605600000912
17,1,0.948268199999802
17,1,0.689958799999658
17,1,0.46303700000135
17,1,0.507992299999387
17,1,0.608113199999934
17,1,0.461210499999652
17,1,0.671737700000449
17,1,0.545056000000841
17,1,0.548107700000401
17,1,0.684628499999235
17,1,0.504948299998432
17,1,0.533811899998909
17,1,0.498263800000132
17,1,0.587672800000291
17,1,0.52595360000123
17,1,0.662950899999487
17,1,0.564715399999841
17,1,0.546939500000008
17,1,0.948032800000874
17,1,0.451699499999449
17,1,0.477962900000421
17,1,0.57830709999871
17,1,0.550077600000805
17,1,1.03187729999991
17,1,0.395692699999927
17,1,0.575970099998813
17,1,0.461887499999648
17,1,0.512975900001038
17,1,0.475960099998701
17,1,0.7064534000001
17,1,0.458317900000111
17,1,0.842170899999473
17,1,0.790600100001029
17,1,0.588302299998759
17,1,0.52197630000046
17,1,0.492300300000352
17,1,0.868000599999505
17,1,1.10767600000145
17,1,0.652288299999782
17,1,0.770657199998823
17,1,0.44717270000001
17,1,0.64064800000051
17,1,0.599709199999779
17,1,0.516962800000329
17,1,0.586406700000225
17,1,0.642474899999797
17,1,0.832412699999622
17,1,0.62875669999994
17,1,0.682461700000204
17,1,0.504529899999397
17,1,0.51596679999966
17,1,0.688967199999752
17,1,0.968015799999193
17,1,0.604475600001024
18,1,0.483117600000696
18,1,0.511073800000304
18,1,0.531215299999531
18,1,0.444583799999236
18,1,0.442865200000597
18,1,0.89097959999981
18,1,0.404867299999751
18,1,0.602731900000435
18,1,0.530125200000839
18,1,0.694830200000069
18,1,0.594052200000078
18,1,0.521270600000207
18,1,1.08022739999979
18,1,0.535063100000116
18,1,0.526414300000397
18,1,0.521595500000331
18,1,0.465472500000033
18,1,0.673698699999477
18,1,0.567394699999568
18,1,0.606449699998848
18,1,0.696617999999944
18,1,0.81237240000155
18,1,0.53153470000052
18,1,0.493775200000528
18,1,0.532562500000495
18,1,0.605873999999858
18,1,0.557021499998882
18,1,0.505979199999274
18,1,0.51450290000048
18,1,0.608197599998675
18,1,0.563479600000392
18,1,0.60843610000029
18,1,0.666153600001053
18,1,0.49508700000024
18,1,0.606909500000256
18,1,0.530564799999411
18,1,0.512289199999941
18,1,0.497254400000202
18,1,0.550658799999837
18,1,0.563036000000466
18,1,0.547305299999607
18,1,0.515514699999585
18,1,0.544134300000223
18,0,0.53685299999961
18,1,0.547796199999539
18,1,0.514984899999035
18,1,0.545489500000258
18,1,0.490410800000063
18,1,0.534013699999377
18,1,0.468933399999514
18,1,0.516980099999273
18,1,0.43801590000021
18,1,0.543359199999031
18,1,0.462635899999441
18,0,0.577070300001651
18,1,0.631888800000524
18,1,0.61136820000138
18,1,0.488206300000456
18,1,0.531340900000032
18,1,0.539704700000584
18,1,0.539869600000202
18,1,0.525447699999859
18,1,0.474528700000519
18,1,0.486380800000916
18,1,0.886210900000151
18,1,0.437622199999169
18,1,0.582455100000516
18,1,0.564232300001095
18,1,0.50630049999927
18,1,0.444557800001348
18,1,0.519617300000391
18,1,0.524372800000492
18,1,0.744941599999947
18,1,0.5254989999994
18,1,0.40476469999885
18,1,0.544988999999987
18,1,0.596822900000006
19,1,0.503126600000087
19,1,0.497578099999828
19,1,0.786434099999951
19,1,0.400313600000118
19,1,0.573934999999892
19,1,0.540315200000123
19,1,0.571201499999916
19,1,0.474920699999984
19,1,0.486884500000087
19,1,0.923015499999792
19,1,0.625101800000039
19,1,0.427391299999954
19,1,0.544956799999909
19,1,0.458851699999968
19,1,0.498317399999905
19,1,0.522883500000034
19,1,0.432211399999915
19,1,0.462149499999896
19,1,0.3974154
19,1,0.429205799999863
19,1,0.517042800000127
19,1,0.784237600000097
19,1,0.508268199999975
19,1,0.508064399999967
19,1,0.636141400000042
19,1,0.504247599999871
19,1,0.416652399999975
19,1,0.343574100000069
19,1,0.356604399999924
19,1,0.671670499999891
19,0,0.460487600000079
19,0,1.3846704
19,1,0.483812500000113
19,1,0.544193899999982
19,1,0.478083799999922
19,1,0.650909499999898
19,1,0.576025999999956
19,1,1.05719649999992
19,1,0.471831099999918
19,1,0.566365900000164
19,1,0.439937099999952
19,1,0.547053799999958
19,1,0.512105600000041
19,1,0.486270800000057
19,1,0.498939300000075
19,1,0.481109900000092
19,1,0.554911500000117
19,1,0.579323299999942
19,1,0.496343499999966
19,1,0.546497199999976
19,1,0.573672299999998
19,1,0.502940200000012
19,1,0.512120800000048
19,1,0.45665299999996
19,1,0.447938499999964
19,1,0.510887899999943
19,1,0.477275199999895
19,1,0.546814799999993
19,1,0.418810599999915
19,1,0.453687499999887
19,1,0.432918900000004
19,1,0.562576800000215
19,1,0.508440900000096
19,1,0.610071699999935
19,1,0.651884399999972
19,1,0.456596399999853
19,1,0.520750700000008
19,1,0.513251500000024
19,1,0.442717800000082
19,1,0.806456399999888
19,1,0.531247600000142
19,1,0.742725800000017
19,1,0.8596742000002
19,1,0.501126999999997
19,1,0.558961899999986
19,1,0.506676099999822
19,1,0.512929199999917
19,1,0.443523400000004
19,1,0.511508000000049
2,1,0.522898800001713
2,1,0.650342199995066
2,1,0.525322300003609
2,1,0.607554999995045
2,1,0.617543300002581
2,1,0.646258799999487
2,1,0.577276000010897
2,1,1.09023010000237
2,1,0.610504500000388
2,1,0.513373399997363
2,1,0.579081799995038
2,1,0.816194500002894
2,1,0.47561740000674
2,1,0.500693699999829
2,1,0.56436119999853
2,1,0.531259800001862
2,1,0.605629500001669
2,1,0.489211199994315
2,1,0.546019200002775
2,1,0.517793600010918
2,1,0.466807799995877
2,1,0.627583299996331
2,1,0.53800620000402
2,1,0.720429799999692
2,1,0.463062499999069
2,1,0.563027800002601
2,1,0.546526599995559
2,1,0.738809300004505
2,1,0.414824200008297
2,1,0.508082200001809
2,1,0.594330799998716
2,1,0.584102200009511
2,1,0.472594000006211
2,1,0.574176699999953
2,1,0.531225799990352
2,1,0.542547100005322
2,1,0.982754099997692
2,1,0.455571600003168
2,1,0.575811800008523
2,1,0.551613100004033
2,1,0.508971300005214
2,1,0.521347299989429
2,1,0.637270800012629
2,1,0.49382639999385
2,1,0.554106700001284
2,1,0.615565000000061
2,1,0.568173199993907
2,1,0.466488799997023
2,1,0.526670099992771
2,1,0.462618399993517
2,1,0.493326600000728
2,1,0.489815399996587
2,1,0.53966880000371
2,1,0.574733399989782
2,1,0.863522900006501
2,1,0.499336399996537
2,1,0.774977299995953
2,1,0.576605700000073
2,1,0.463284800003748
2,1,0.554827200001455
2,1,0.526760699998704
2,1,0.553995700000087
2,1,0.514264199999161
2,1,0.453704300001846
2,1,0.607226699998137
2,1,0.574999699994805
2,1,0.574315799996839
2,1,0.598438600005466
2,1,0.523593799996888
2,1,0.774066199999652
2,1,0.531616799999028
2,1,0.573504599989974
2,1,0.49436969999806
2,1,0.530972299995483
2,1,0.483783899995615
2,1,0.595457400006126
2,1,0.560447099996964
2,1,0.477044799990836
2,1,0.451066200010246
2,1,0.502226700002211
20,1,0.773205899999994
20,1,0.573910099999921
20,1,0.548309400000107
20,1,0.564750999999887
20,1,0.53445980000015
20,1,0.566328400000202
20,1,0.651810400000613
20,1,0.542109099998925
20,1,0.556908900000053
20,1,0.576196400000299
20,1,0.539083699999537
20,0,1.35851520000051
20,1,0.532613999999739
20,1,0.512377099999867
20,1,0.50686769999993
20,1,0.563100200000008
20,1,0.581324300000233
20,1,0.634325099999842
20,1,0.53930069999933
20,1,0.582567600000402
20,1,0.659987199999705
20,1,0.714313499999662
20,1,0.615007800000058
20,1,0.483667000000423
20,1,0.607149700000264
20,1,0.562387900000431
20,1,0.489994800000204
20,1,0.513703100001294
20,1,0.573504500000126
20,1,0.433625300000131
20,1,0.515151399999922
20,0,0.349415299999237
20,1,0.592793200001324
20,1,0.397705499999574
20,1,0.518010099999628
20,1,0.664533699999993
20,1,0.783805000000029
20,1,0.602893700000095
20,1,0.557289999999739
20,1,0.630335699999705
20,1,0.51568270000098
20,1,0.485534800000096
20,1,0.54707899999994
20,1,1.13709930000005
20,1,0.519064300000537
20,1,0.861883300000045
20,1,0.473349399999279
20,1,0.43376999999964
20,0,0.484646400000202
20,1,0.558638500000598
20,1,0.57633050000004
20,1,0.671023400000195
20,1,0.749355500000092
20,1,0.491044899999906
20,1,0.577268399999411
20,1,0.954327399999784
20,1,0.514662699999462
20,1,0.636762500000259
20,1,0.473862400000144
20,1,0.537545500000306
20,1,0.547806300000047
20,1,0.633720099999664
20,1,0.507672300000195
20,1,0.570647300000019
20,1,0.791115899999568
20,1,0.538220999999794
20,1,0.62169780000022
20,1,0.90937920000033
20,1,0.537070200000016
20,1,0.494993899999827
20,1,0.564458599999853
20,1,0.490596199999345
20,1,0.636330000000271
20,1,0.692015500000707
20,1,0.479929199999788
20,1,0.491247199999634
21,1,1.03695369999991
21,1,0.708256800000072
21,1,0.840891900000088
21,1,1.23477279999997
21,1,0.60630190000029
21,1,0.596012900000005
21,1,0.550253099999964
21,1,0.794231000000082
21,1,0.695323599999938
21,1,1.4360087
21,1,0.591121299999941
21,1,0.546603999999661
21,1,1.11955839999996
21,1,1.28145240000003
21,1,0.583077299999786
21,1,0.506576900000027
21,1,0.800771000000168
21,1,0.5337399
21,1,0.483960800000204
21,1,0.896244799999977
21,1,1.39269430000013
21,1,0.600237200000038
21,1,0.634039700000358
21,1,0.719776800000091
21,1,0.618474200000037
21,1,0.609771499999624
21,1,0.720604600000115
21,1,0.65095139999994
21,1,0.596783400000049
21,1,0.638946600000054
21,1,0.718997400000035
21,1,0.54672520000031
21,1,0.724864100000104
21,1,0.644314099999974
21,1,0.621488900000031
21,1,0.867825000000039
21,1,0.413867100000061
21,1,0.492517399999997
21,1,0.649540600000137
21,1,0.750801899999942
21,1,0.798945400000093
21,1,1.01308530000006
21,1,0.56852919999983
21,1,0.721993999999995
21,1,0.687158100000033
21,1,0.694489800000156
21,1,0.577398500000072
21,1,1.25089639999987
21,1,0.656239400000004
21,1,0.607368599999973
21,1,1.14585999999986
21,1,2.16170860000011
21,1,0.961935699999913
21,1,0.537328100000195
21,1,0.510070799999994
21,1,0.877765899999986
21,0,0.790707800000064
21,1,1.00208259999999
21,1,0.85892130000002
21,1,0.58447369999999
21,1,0.639712599999939
21,1,0.531150999999682
21,1,0.59831800000029
21,0,0.6901198999999
21,1,0.53017409999984
21,1,0.594884900000125
21,1,2.23414089999983
21,1,1.19671620000008
21,1,0.826801200000091
21,1,0.503444899999977
21,1,0.759649099999933
21,1,2.27105519999986
21,1,0.777675499999987
22,1,0.736063799999101
22,1,0.63281619999907
22,1,0.66282830000273
22,1,0.621940900000482
22,1,0.576832700000523
22,1,0.546094600002107
22,1,0.624902700001257
22,1,0.764092399997025
22,1,0.496537399998488
22,1,0.600782000001345
22,0,0.585269700000936
22,1,0.577599399999599
22,1,0.555196400000568
22,1,0.694795700001123
22,1,0.576382499999454
22,1,0.613792799998919
22,1,0.625696099999914
22,1,0.552354400002514
22,1,0.889250099997298
22,1,0.530222900000808
22,1,0.603746500000852
22,1,0.746737100002065
22,1,0.799474600000394
22,1,0.556836499999918
22,1,0.653073999998014
22,1,0.580508700000792
22,1,0.626774600001227
22,1,0.786150600000838
22,1,0.574502999999822
22,0,0.800674300000537
22,1,0.662683200000174
22,1,0.596873499998765
22,1,1.54001880000214
22,1,0.532157900001039
22,1,0.571954900002311
22,1,1.13579209999807
22,0,0.979528899999423
22,1,0.614809700000478
22,0,0.724802100001398
22,1,0.738519900001847
22,0,0.562884200000553
22,0,1.20806280000033
22,0,0.513668399999005
22,1,0.589622899999085
22,1,0.669081600000936
22,1,0.718652400002611
22,1,0.460850100000243
22,0,0.934627399998135
22,1,0.700752799999464
22,0,0.482493199997407
22,1,0.550719299997581
22,0,0.679613899999822
22,1,0.697227599997859
22,1,0.569969399999536
22,1,0.93450280000252
22,0,0.544229099999939
22,1,0.604376600000251
22,1,0.778691499999695
22,1,0.613303900001483
22,0,0.520232899998518
22,1,0.760430300000735
22,1,0.516554500001803
22,0,0.716871500000707
22,1,1.10484420000284
22,1,0.628650999999081
22,1,0.749739300001238
22,1,0.641406700000516
22,1,0.715534200000548
22,1,0.695693199999369
22,1,0.675762400001986
22,1,0.822594900000695
22,1,0.498518599997624
22,1,0.524665799999639
22,0,0.712550300002476
22,0,1.08004710000023
22,1,0.754431100001966
22,1,0.653168299999379
22,1,0.657533999998122
23,1,0.474369500007015
23,1,0.59947319998173
23,1,0.392095599992899
23,1,0.507304600003408
23,1,1.27885919998516
23,1,0.493365900008939
23,1,0.529277199995704
23,1,0.543477100000018
23,1,0.650468799984083
23,1,0.553715599991847
23,1,0.438429800007725
23,1,0.459913600003347
23,1,0.56313379999483
23,1,0.4322017999948
23,1,0.577291900001001
23,1,0.460178800014546
23,1,0.635746899992228
23,1,0.701728799991542
23,1,2.1573307000217
23,1,0.435019399999874
23,1,0.37141029999475
23,1,0.458152200008044
23,1,0.365244200016605
23,1,0.353558500006329
23,1,0.615769399999408
23,1,1.0688450000016
23,1,0.464582600019639
23,1,0.489831899991259
23,1,0.47211669999524
23,1,0.524638699978823
23,1,1.02743889999692
23,1,0.448295200010762
23,1,0.471039500000188
23,1,0.524905700003728
23,1,0.606815799983451
23,1,0.380214500008151
23,1,0.618949299998349
23,1,0.616964999993797
23,1,0.562156200001482
23,1,0.747353699989617
23,1,0.563834399974439
23,1,0.931736699974863
23,1,0.556340799987083
23,1,0.46078480000142
23,1,0.681633699976373
23,1,1.81669569999212
23,1,0.507595600007335
23,1,0.622246800019639
23,1,0.529795800015563
23,1,0.641963200003374
23,1,0.474619399989024
23,1,0.467098199995235
23,1,0.503524700005073
23,0,0.557861600012984
23,1,0.468436000024667
23,1,0.527793100016424
23,1,0.486933200008934
23,1,0.36107680000714
23,1,0.684899400017457
23,1,0.372033100022236
23,1,0.627314099983778
23,1,0.705434500006959
23,1,0.558661399991252
23,1,0.515952599991579
23,1,0.548377499973867
23,1,0.619725399999879
23,1,0.570080000004964
23,1,0.656522400007816
23,1,0.404406899993774
23,1,0.67521640000632
23,1,0.942918099986855
23,1,0.585807900002692
23,1,0.392235000006622
23,1,0.454375200002687
23,1,0.703736199997365
23,1,1.12353440001607
23,1,0.559226000012131
23,1,0.747277099988423
23,1,0.540033199999016
23,1,1.47009519999847
24,1,0.577912599999991
24,1,0.481684100000166
24,1,1.32659970000009
24,1,0.555669300000091
24,1,0.89390440000011
24,1,0.912731699999995
24,1,0.611931400000003
24,1,0.641387099999974
24,1,0.85740880000003
24,1,0.621570299999803
24,1,0.497128699999848
24,1,0.829322300000058
24,0,0.436196500000051
24,1,0.769975599999952
24,1,0.562710499999866
24,1,1.06738420000011
24,1,0.931495600000062
24,1,0.77041300000019
24,1,0.58263420000003
24,1,0.608864699999913
24,1,0.890067600000293
24,1,0.59118639999997
24,1,0.692553000000089
24,1,0.576155299999982
24,1,0.710424699999976
24,1,0.533474099999921
24,1,0.554752700000108
24,1,0.840744900000118
24,1,0.573749099999986
24,1,0.705721600000061
24,1,0.49729810000008
24,1,1.49033720000011
24,1,0.617216999999982
24,1,0.799298800000088
24,1,0.649220799999966
24,1,0.579653199999939
24,1,0.625231600000006
24,1,0.565822499999967
24,1,0.662850600000183
24,1,0.640897000000223
24,1,0.71335810000005
24,1,0.658920200000011
24,1,0.724476299999878
24,1,0.53867409999998
24,1,0.619149600000128
24,1,0.831119100000024
24,1,0.530390800000077
24,1,0.647599600000149
24,1,0.617690499999981
24,1,0.467632899999899
24,1,0.569841799999949
24,1,0.581862800000181
24,1,0.710030899999992
24,1,0.514507300000105
24,1,0.602472099999886
24,1,0.611385599999949
24,0,0.574663999999984
24,1,1.01190559999986
24,1,0.137397899999996
24,1,0.681979400000046
24,1,0.526686600000176
24,1,0.595703100000037
24,1,0.563318299999992
24,1,1.16689219999989
24,1,0.517490499999894
24,1,0.522832599999902
24,1,0.521968000000015
24,1,0.520390600000155
24,1,0.891001099999812
24,1,0.565652099999852
24,1,0.55593140000019
24,1,0.551752100000158
24,1,1.03040899999996
24,1,0.696513000000095
24,1,0.99042610000015
24,1,0.552454399999988
24,1,0.868841700000075
24,1,1.12850769999977
25,1,0.659115099995688
25,1,0.598690499995428
25,1,0.617173799997545
25,1,1.17138830000476
25,1,1.19639770000504
25,1,0.553716800000984
25,0,0.705208699997456
25,1,0.590786399996432
25,1,1.0519306999995
25,1,0.556436600003508
25,1,0.657355200004531
25,1,0.7072565999988
25,1,0.483087499997055
25,1,1.0338705000031
25,1,0.99632500000007
25,1,0.564844000000448
25,1,0.566182199996547
25,1,0.533383400004823
25,0,0.574592900004063
25,1,0.494521399996302
25,1,0.756475000001956
25,1,0.501065200005542
25,1,0.806469999995898
25,1,1.08694830000604
25,1,0.581884100000025
25,1,0.606446699996013
25,1,0.509992400002375
25,1,0.541040600000997
25,1,0.59198219999962
25,1,1.08038120000128
25,1,0.759006899999804
25,1,0.62281449999864
25,1,0.621434500004398
25,1,0.547149800004263
25,1,0.540512200001103
25,1,0.762320399997407
25,1,1.00184499999887
25,1,0.516680799999449
25,0,0.882670599996345
25,1,0.636373499997717
25,1,0.649064100005489
25,1,0.636233299999731
25,1,0.69282050000038
25,1,0.719516500001191
25,1,0.600037299998803
25,1,0.59892299999774
25,1,0.551328000001376
25,1,0.778509899995697
25,1,0.65685819999635
25,1,0.488344400000642
25,1,0.585864599997876
25,1,0.680028900002071
25,1,0.723968799997238
25,1,0.875534899998456
25,1,0.731596199999331
25,1,0.903625700004341
25,1,0.47297940000135
25,1,0.686632299999474
25,1,0.545800200001395
25,1,0.727732100000139
25,1,0.567524199999752
25,1,0.547078399999009
25,1,0.722631800003001
25,1,0.745553300002939
25,1,0.860162300006778
25,1,0.610812799997802
25,1,0.616180799996073
25,1,0.565565199998673
25,1,0.650943799999368
25,1,0.608811099999002
25,1,0.605248500003654
25,1,0.87046709999413
25,1,0.576284299997496
25,1,0.76793610000459
25,1,0.686834599997383
25,1,0.526264200001606
25,1,0.671838900001603
25,1,0.691863200001535
26,1,0.83879520000005
26,1,0.613052299999936
26,1,0.479406600000175
26,1,0.723933100000067
26,1,0.860044899999934
26,1,0.575066500000048
26,1,0.548372200000131
26,1,0.75878130000001
26,1,0.720520599999986
26,1,0.680587999999943
26,0,0.739565999999968
26,1,0.557170000000042
26,1,0.615140999999994
26,1,0.655887600000142
26,1,0.577657000000045
26,1,0.570815799999991
26,1,0.696057500000052
26,1,0.641656000000012
26,1,0.563189499999908
26,1,0.597641199999998
26,1,1.0779837
26,1,0.674070300000039
26,1,0.795124600000008
26,1,0.632409499999994
26,1,0.665195799999992
26,1,0.736542400000189
26,1,0.607715300000109
26,1,0.651399200000014
26,1,0.581418700000086
26,1,1.16853119999996
26,1,1.03203880000001
26,1,0.912818600000037
26,1,1.5717525
26,1,0.959364399999913
26,1,0.903789299999971
26,1,0.632460899999842
26,1,0.608036799999923
26,1,0.753407000000038
26,1,0.640768500000149
26,1,1.14113210000005
26,1,0.695501199999853
26,1,0.657614500000136
26,1,2.3204958
26,1,0.508923800000048
26,1,0.824185700000044
26,1,0.602907100000039
26,1,0.552145800000062
26,1,0.585509399999864
26,1,0.569657400000096
26,1,0.97743279999986
26,1,0.541862600000059
26,1,0.736546299999873
26,1,0.674015700000041
26,1,0.665127600000005
26,1,0.623763400000144
26,1,0.625186800000165
26,1,0.541551600000048
26,1,0.558829600000081
26,1,0.580968600000006
26,1,1.22497010000006
26,1,0.603514099999984
26,1,0.610363000000007
26,1,0.51221170000008
26,1,0.953622600000017
26,0,0.929306399999859
26,1,0.673045200000161
26,1,0.700124599999981
26,1,0.608693899999935
26,1,0.830266800000118
26,1,0.576493000000028
26,1,0.806066899999905
26,1,0.86559659999989
26,1,0.62240810000003
26,1,0.596621000000027
26,1,1.18732870000008
26,1,0.815252099999952
26,0,0.533783399999948
26,1,0.701148099999955
27,1,0.819960499997251
27,1,1.60534290003125
27,1,0.648350500036031
27,1,0.844149500015192
27,1,0.722034099977463
27,1,1.80610019993037
27,1,0.759816500009038
27,1,0.830974499927834
27,1,1.22159069997724
27,1,1.12790079996921
27,1,1.17344760010019
27,1,0.757635100046173
27,1,0.6866417999845
27,1,0.850717699970119
27,1,1.03928029991221
27,1,0.753764000022784
27,1,0.654015199979767
27,1,0.688022900023498
27,1,0.94475590006914
27,1,0.714771499973722
27,1,0.771615099976771
27,1,1.90709649992641
27,1,1.15071129996795
27,1,0.766421100008301
27,1,1.00997640006244
27,1,0.838764700107276
27,1,0.872934099985287
27,1,0.59229270007927
27,1,0.676571899908595
27,1,0.687193299992941
27,1,1.02261700003874
27,1,1.56849259999581
27,1,1.38951299991459
27,1,0.638955400092527
27,1,0.563941100030206
27,1,0.743339100037701
27,1,1.37336109997705
27,1,0.68664769991301
27,1,0.68853649997618
27,1,1.04901350010186
27,1,0.816830600029789
27,1,0.678124899975955
27,1,0.78547839995008
27,1,0.740360900061205
27,1,0.818262299988419
27,1,1.17257470008917
27,1,1.70692539995071
27,1,0.888384300051257
27,1,0.800833499990404
27,1,1.13660670001991
27,1,0.812306799925864
27,1,0.943005600012839
27,1,0.771563700051047
27,1,0.79793460003566
27,0,1.2501268000342
27,1,1.44230280001648
27,1,0.931681300047785
27,1,0.700037000002339
27,1,0.634276399970986
27,1,1.0018164999783
27,1,0.937786799971946
27,1,1.23973849997856
27,1,0.899635399924591
27,1,1.09398339991458
27,1,0.877792199957184
27,1,1.01717959996313
27,1,0.769717599963769
27,1,1.04662249993999
27,1,1.04321909998544
27,1,0.68938880006317
27,1,0.89698919991497
27,0,1.69612680003047
27,1,0.618397699901834
27,1,2.38418319995981
27,1,2.21735159994569
27,1,0.771547999931499
27,1,1.01465949998237
27,1,2.17570110002998
28,1,1.21191250000038
28,1,0.789166099999875
28,1,1.01939529999981
28,1,1.62013639999986
28,1,0.774764499999947
28,1,1.31940710000072
28,1,0.671316899999965
28,1,0.662444200000209
28,1,1.0158365999996
28,1,0.928635600000234
28,1,0.874135399999886
28,1,0.733472900000379
28,1,0.745108699999946
28,1,1.34690409999985
28,1,0.703323300000193
28,1,0.989311199999975
28,1,1.0580575999993
28,1,0.704266100000041
28,1,0.651218299999982
28,1,0.692573299999822
28,1,1.02206049999995
28,1,0.677803699999913
28,1,1.51503779999985
28,1,1.14028370000005
28,1,0.637561900000037
28,1,0.949119699999756
28,1,0.697476900000311
28,1,1.00801739999952
28,1,0.605676900000162
28,1,0.80293120000033
28,1,0.943298700000014
28,1,1.00500350000038
28,1,0.700747099999717
28,1,0.748959699999432
28,1,0.680267400000048
28,1,0.903161600000203
28,1,1.00092290000021
28,1,0.654005599999437
28,1,1.17178120000062
28,1,1.61898679999967
28,1,0.77279899999985
28,1,0.800062299999809
28,1,0.635709099999985
28,1,0.65209700000014
28,1,0.71155650000037
28,1,1.61334879999959
28,1,0.603632299999845
28,1,0.737678400000277
28,0,1.05229449999979
28,1,1.0596443000004
28,1,1.1507818
28,1,0.715752799999791
28,1,0.57934430000023
28,1,1.36805869999989
28,1,0.741717099999732
28,1,0.663982000000033
28,1,0.579700100000082
28,1,0.706542499999614
28,1,1.09384630000022
28,1,0.799516600000061
28,1,1.34082520000038
28,1,0.958586599999762
28,1,1.23443189999989
28,1,1.01555499999995
28,1,0.999150999999983
28,1,0.715479999999843
28,1,0.672713699999804
28,1,1.04278569999997
28,1,0.758490100000017
28,1,0.763625100000354
28,1,0.857369500000459
28,1,0.677972199999203
28,1,0.613250999999764
28,1,1.2432888000003
28,1,0.989762399999563
28,1,0.776743900000383
28,1,0.846886199999972
28,1,0.761324099999911
28,1,0.606045200000153
29,1,0.693974600000729
29,1,0.526082599999427
29,1,0.563131700000667
29,1,0.595119600000544
29,1,0.657796699999381
29,1,0.721227399999407
29,1,0.620076799999879
29,1,0.466878100000031
29,1,0.952937999998539
29,1,0.548199599999862
29,1,0.616621499999383
29,1,0.584979299999759
29,1,0.688397399999303
29,1,0.493090999998458
29,1,0.585734100000991
29,1,0.930627199999435
29,1,0.634106399998927
29,1,0.583123999998861
29,1,0.64426099999946
29,1,0.619008399999075
29,1,0.818283900000097
29,1,0.729782299998988
29,1,0.592444800000521
29,1,0.551513600001272
29,1,0.63514529999884
29,1,0.577713200000289
29,1,0.799841600000946
29,1,0.57613400000082
29,1,0.580423400000655
29,1,0.556841899999199
29,1,0.80228900000111
29,1,0.471150299999863
29,1,0.606855099998938
29,1,0.56803570000011
29,1,0.532870499999262
29,1,0.655766500000027
29,1,0.596419699999387
29,1,0.769449999999779
29,1,0.632089099999575
29,1,1.06482529999994
29,1,0.579450599998381
29,1,0.569007299998702
29,1,1.50838100000146
29,1,0.676206200001616
29,1,0.62026060000062
29,1,0.570265700000164
29,1,0.58823990000019
29,1,0.868186600000627
29,1,0.922798800000237
29,1,0.619458699999086
29,1,0.603695800000423
29,1,0.626483899999585
29,1,1.13886679999996
29,1,0.508965700000772
29,1,0.71125629999915
29,1,0.528032800000801
29,1,1.08945219999987
29,1,0.621521599998232
29,1,1.06947209999998
29,1,1.32495769999878
29,1,0.563285399999586
29,1,0.736103499999444
29,1,0.566653500000029
29,1,0.740236899999218
29,1,0.602505499999097
29,1,0.706357799999751
29,1,0.559564400000454
29,1,0.533953499998461
29,1,0.52826610000011
29,1,0.78218410000045
29,1,0.656785200000741
29,1,0.590161300000545
29,1,0.730080400000588
29,0,0.712425800000346
29,1,0.693639200000689
29,1,0.697270500000741
29,1,0.497948700000052
29,1,0.530693100001372
29,1,0.530792499999734
3,1,1.18681410000045
3,1,0.597567199999503
3,1,0.789394000000357
3,1,0.501928700000462
3,1,0.650882800000545
3,1,0.757891799999925
3,1,0.877108900000167
3,1,0.54430979999961
3,1,0.527934000000641
3,1,0.599689100000433
3,1,0.623052299999472
3,1,0.653626199999962
3,1,0.578646500000104
3,1,0.575007500000538
3,1,0.543613800000458
3,1,0.632525600000008
3,1,0.658360400000674
3,1,0.617570700000215
3,1,0.585967600000004
3,1,0.774056399999608
3,1,0.615155899999991
3,1,0.608967000000121
3,1,0.870993199999248
3,1,1.01349389999996
3,1,0.596401399999195
3,0,0.790509699999348
3,1,0.77357579999989
3,1,0.668539000000237
3,1,0.68997280000076
3,1,0.705565100000058
3,1,0.634326900000815
3,1,0.909760100000312
3,1,0.620109399999819
3,1,0.631884299999911
3,1,0.517456700000366
3,1,0.508591400000114
3,1,0.971263599999475
3,1,0.684356500000831
3,1,0.678273499999705
3,1,0.570207699999628
3,1,0.57603250000011
3,1,0.595592300000135
3,1,0.540164199999708
3,1,0.625878800000464
3,1,0.598503600000186
3,1,0.588383499999509
3,1,0.676735699999881
3,1,0.533099799999945
3,1,0.686763900000187
3,1,0.839496399999916
3,1,0.691602400000193
3,1,0.638339299999643
3,1,0.708612599999469
3,1,0.507060699999784
3,1,0.805226700000276
3,1,0.635308300000361
3,1,0.567951500000163
3,1,0.47888569999941
3,1,0.605919900000117
3,1,0.849653100000069
3,1,0.868927200000144
3,1,0.595410699999775
3,1,0.800348199999462
3,1,0.611242599999969
3,1,0.723139800000354
3,1,0.736066700000265
3,1,0.678679600000578
3,1,0.621775600000547
3,1,0.704660000000331
3,1,0.503721699999915
3,1,0.544020799999998
3,1,0.510147900000447
3,1,0.513367100000323
3,1,0.472909000000072
3,1,0.495188800000506
3,1,0.691965200000595
3,1,1.08838190000006
3,1,0.662357600000178
3,1,0.49926779999987
3,1,0.53222039999946
30,1,0.687750400000141
30,1,0.618932500000028
30,1,0.839181299999836
30,1,0.622107200000301
30,1,0.682255800000121
30,1,1.29450599999996
30,0,0.721187300000111
30,1,0.576266699999906
30,1,0.556854999999814
30,1,0.678246099999797
30,1,0.59254779999992
30,1,1.4605631999998
30,1,0.707087499999943
30,1,1.46297559999994
30,1,1.22742900000003
30,1,0.719852300000184
30,1,2.20666340000002
30,1,0.711721299999908
30,1,1.0444308000001
30,1,0.597185399999944
30,1,1.70693349999988
30,1,0.733527900000126
30,1,0.928847099999984
30,1,0.551202399999966
30,1,0.631857099999934
30,1,0.870476699999926
30,1,1.46292760000006
30,1,1.32131300000015
30,1,0.688267600000017
30,1,0.723166300000003
30,1,1.14897519999977
30,1,2.07583879999993
30,1,0.532796899999994
30,1,0.502096700000038
30,1,1.52648629999999
30,1,0.699047999999948
30,1,1.02001459999997
30,1,0.500772999999981
30,1,0.637909100000115
30,1,0.947618200000079
30,1,1.49975160000008
30,1,0.774593699999969
30,1,0.57818159999988
30,1,0.84195439999985
30,1,0.570126399999936
30,1,1.05195619999995
30,1,1.01481100000001
30,1,0.574319500000001
30,1,1.54976289999991
30,1,2.08270100000004
30,1,2.36773519999997
30,1,1.50374459999989
30,1,0.601700400000027
30,1,0.675555499999973
30,1,0.91633980000006
30,1,1.06290750000016
30,1,0.599093100000118
30,1,2.10740979999991
30,1,0.617347299999892
30,1,2.26390530000003
30,1,0.596565699999928
30,1,0.685811100000137
30,1,0.670378600000049
30,1,0.578843700000107
30,1,0.749472200000127
30,1,1.19279840000036
30,1,1.3743558000001
30,1,0.510960600000089
30,1,0.6725378000001
30,1,0.659155999999712
30,1,0.745435999999927
30,1,0.553461900000002
30,1,0.66438590000007
30,1,0.577699000000166
30,1,0.904844799999864
30,1,1.02960680000001
30,1,0.578766400000177
30,1,0.547225700000126
31,1,1.94034600000032
31,1,1.15325970000049
31,1,0.627951999999823
31,1,0.622941499999797
31,1,0.666371500000423
31,1,0.794404399999621
31,1,0.610416800000166
31,1,0.684049399999822
31,1,0.629875999999967
31,1,0.720623400000477
31,1,0.628365100000337
31,1,0.59126230000038
31,1,0.529782800000248
31,1,0.701797400000032
31,1,0.636414700000387
31,1,0.584655499999826
31,1,0.582970000000387
31,1,0.636955400000261
31,1,0.745399200000065
31,1,0.553548800000499
31,1,0.58504990000074
31,1,0.562387800000579
31,1,0.725236100000075
31,1,0.854818300000261
31,1,0.630078700000013
31,1,0.789059599999746
31,1,0.513292900000124
31,1,0.766889799999262
31,1,0.640434799999639
31,1,0.778024899999764
31,1,0.832491300000584
31,1,0.743101900000511
31,1,0.653370400000313
31,1,0.637714599999526
31,1,0.599148000000241
31,1,0.672533099999782
31,1,0.72797619999983
31,1,0.58343960000002
31,1,0.587992599999779
31,1,0.610777099999723
31,1,0.945651100000759
31,1,0.556473199999346
31,1,0.936242899999343
31,1,0.700346499999796
31,1,0.97670030000063
31,1,1.37584389999938
31,1,0.661470400000326
31,1,1.22776700000031
31,1,0.505489699999998
31,1,1.13026050000008
31,1,0.623320499999863
31,1,0.587000100000296
31,1,0.791883700000653
31,1,0.926881100000173
31,0,0.685467600000266
31,1,0.846249799999896
31,1,0.581291999999848
31,1,0.703031699999883
31,1,0.563760500000171
31,1,0.627711999999519
31,1,0.58680540000023
31,1,0.710215099999914
31,1,2.19892720000007
31,1,0.794227200000023
31,1,0.604325999999674
31,1,0.994298000000526
31,1,0.554404200000135
31,1,0.707215599999472
31,1,0.822950800000399
31,1,0.642539699999361
31,1,0.568668999999318
31,1,0.807991200000288
31,1,0.77688820000003
31,1,0.644397400000344
31,1,0.744730799999161
31,1,0.592518999999811
31,1,0.553369200000816
31,1,0.7962806000005
31,1,1.15897060000043
32,1,0.570402700000045
32,1,0.571492199999966
32,1,0.736246100000017
32,1,0.722595000000069
32,1,0.581337100000042
32,1,0.617385900000045
32,1,0.536836300000004
32,1,0.686527399999932
32,1,0.73899849999998
32,1,0.54647749999981
32,1,2.14685359999999
32,1,0.560355400000049
32,1,0.66545229999997
32,1,0.462521199999856
32,1,1.44312319999995
32,1,0.636005999999952
32,1,0.58045519999996
32,0,1.82548279999992
32,1,0.715071200000011
32,1,1.17821670000012
32,1,0.635158899999965
32,1,0.670401700000184
32,1,0.713686800000005
32,1,0.452447799999845
32,1,0.555879999999888
32,1,0.4558356
32,1,0.50079340000002
32,0,0.545709399999851
32,1,0.508343700000069
32,1,0.511944999999969
32,1,0.550659600000017
32,1,0.544049600000108
32,1,0.544698799999878
32,1,0.568592699999954
32,1,0.927175499999976
32,1,0.627786700000115
32,1,0.498011199999837
32,1,0.697298300000057
32,1,0.945254099999829
32,1,0.609873099999959
32,0,0.573222200000146
32,1,0.91234570000006
32,1,0.558230500000036
32,1,0.752524400000084
32,1,0.492451699999947
32,1,0.530136699999957
32,1,0.637743499999942
32,1,0.542916999999989
32,1,0.682884800000011
32,1,0.5852529
32,1,0.540812500000129
32,1,0.468018900000061
32,1,0.531045300000187
32,1,0.4823308
32,1,0.637192599999935
32,1,0.816442600000073
32,1,0.528998000000001
32,1,0.489995599999929
32,1,0.462632600000006
32,1,0.583128100000067
32,1,0.545982099999947
32,1,0.613865799999985
32,1,0.572848199999953
32,1,0.767535899999984
32,1,0.460993899999949
32,1,0.562546999999995
32,1,0.674634699999842
32,1,0.619561799999929
32,1,0.613124699999844
32,1,0.62465259999999
32,1,0.549464600000192
32,1,0.567917500000021
32,1,0.653856700000006
32,1,0.838302699999986
32,1,0.542958699999872
32,0,0.46223010000017
32,1,0.509898600000042
33,1,0.528185799999846
33,1,0.659708000000137
33,1,0.60269580000022
33,1,1.12596389999999
33,1,0.652478199999678
33,1,0.681880900000579
33,1,0.612162500000522
33,1,1.66521490000014
33,1,0.549198499999875
33,1,0.448863399999937
33,1,0.65525660000003
33,1,0.653044900000168
33,1,0.555443300000661
33,1,0.628874400000313
33,1,1.1642011999993
33,1,0.661108700000113
33,1,1.47580980000021
33,1,0.684218200000032
33,1,0.627799700000651
33,1,0.623294099999839
33,1,0.786146600000393
33,1,0.901320400000259
33,1,0.535366600000089
33,1,0.625057000000197
33,1,0.472711899999922
33,1,0.71569240000008
33,1,1.88583949999975
33,1,0.767792499999814
33,1,0.614271899999949
33,1,0.916641400000117
33,1,1.00986709999961
33,1,0.468160299999909
33,1,0.777509500000633
33,1,0.972671300000002
33,1,1.02299230000062
33,1,0.668174199999157
33,1,1.98760749999929
33,1,0.53624039999977
33,1,0.797929299999851
33,1,0.539340899999843
33,1,0.57340159999967
33,1,0.631840799999736
33,1,0.705020100000183
33,1,0.70453660000021
33,1,0.626160400000117
33,1,0.577808499999264
33,1,1.40513310000006
33,1,0.840322400000332
33,0,1.04056519999995
33,0,0.428715300000476
33,1,0.639042999999219
33,1,0.624679300000025
33,1,0.639243499999793
33,1,0.685513000000356
33,1,0.65082589999929
33,1,0.559539500000028
33,0,1.53424910000012
33,1,0.58215730000029
33,1,0.558029200000419
33,1,0.837686900000335
33,0,0.866337899999962
33,1,0.636490799999592
33,1,0.599384799999825
33,1,0.57257219999974
33,1,1.12695549999989
33,1,0.61904819999927
33,0,0.662119200000234
33,1,0.920814699999937
33,1,0.736819599999762
33,1,0.847397399999863
33,1,0.55347029999939
33,1,0.784893600000032
33,1,0.446363900000506
33,1,0.685205799999494
33,1,0.470489100000123
33,1,0.618253599999662
33,1,0.904820499999914
33,1,0.590961099999731
34,1,0.434039099999836
34,1,0.586773499999936
34,1,0.477367799999683
34,1,0.574360999999953
34,1,0.383726499999739
34,1,0.577697799999896
34,1,0.593416299999944
34,1,0.670197500000086
34,1,0.694838600000139
34,1,0.388821999999891
34,1,0.897647900000266
34,1,0.633537400000023
34,1,0.5328142999997
34,1,0.508503799999744
34,1,0.431039399999918
34,1,0.499927500000013
34,1,0.508961900000031
34,1,0.762356399999817
34,1,0.617299700000331
34,1,0.425660500000049
34,1,0.438819500000136
34,1,0.517331600000034
34,1,0.689215599999898
34,1,0.480254800000239
34,1,0.453089600000112
34,1,0.527918100000079
34,1,0.798734100000047
34,1,0.80401310000002
34,1,0.459899200000109
34,1,0.955246699999861
34,1,0.625291000000061
34,1,0.370588100000077
34,1,0.401855099999921
34,1,0.545627100000047
34,1,0.422536000000036
34,1,0.523500900000045
34,1,0.499341699999832
34,1,0.507303700000193
34,1,0.456512100000054
34,1,0.461196999999629
34,1,0.400485900000149
34,1,0.50194190000002
34,1,0.454201999999896
34,1,1.4292269
34,1,0.704691300000377
34,1,0.457907299999988
34,1,0.531094500000108
34,1,0.722909399999935
34,1,0.612554799999998
34,1,0.528579899999841
34,1,0.557695200000126
34,1,0.551033700000062
34,1,0.472884400000112
34,1,1.36364879999996
34,1,0.4394470000002
34,1,0.819790400000102
34,1,0.529055699999844
34,1,0.534126999999899
34,1,0.443046699999968
34,1,0.384735900000123
34,1,0.738171100000045
34,1,0.614776799999845
34,1,0.585023499999807
34,1,0.472605599999952
34,1,0.591933799999879
34,1,0.516599000000042
34,1,0.466409200000044
34,1,0.468274199999996
34,1,0.399736499999563
34,1,0.520304399999986
34,1,0.650649899999962
34,1,0.592776000000413
34,1,0.698720399999729
34,1,0.397516600000017
34,1,0.606228700000202
34,1,0.776796099999956
34,1,0.498845699999947
34,1,0.995481999999811
34,1,0.551229499999863
34,1,0.558487399999649
35,1,0.579939999999624
35,1,0.393694999998843
35,1,0.638699299999644
35,1,0.829743899999812
35,1,0.498641399999542
35,1,0.762991800000236
35,1,0.636768500000471
35,1,0.771457600001668
35,1,0.59245539999938
35,1,0.863894299998719
35,1,0.559665199998562
35,1,0.964127799999915
35,1,0.724754799999573
35,1,0.851517499999318
35,1,0.790049799999906
35,1,0.474749400000292
35,1,0.491980700000568
35,1,0.609810099998867
35,1,0.531238900000972
35,1,0.505316299999322
35,1,0.519685199999003
35,1,0.599820999999793
35,1,0.61105950000092
35,1,0.534145399999034
35,0,0.4236204000008
35,1,0.466263399999661
35,1,0.480230099999972
35,1,0.533922200000234
35,1,0.500516500000231
35,1,0.484508800000185
35,1,0.550513800000772
35,1,0.536932500001058
35,1,0.541962400000557
35,1,0.434615399999529
35,1,0.535625099999379
35,1,0.505874800001038
35,1,0.663768500000515
35,1,0.582685800000036
35,1,0.793401700000686
35,1,0.859982699999819
35,1,0.631889399999636
35,1,0.546721099999559
35,1,0.490453700000216
35,1,0.479571399999259
35,1,0.512620499999684
35,1,0.618749100000059
35,1,0.50552450000032
35,1,0.596687100000054
35,1,0.483825100000104
35,1,0.55786579999949
35,1,0.546289199999592
35,1,0.572168299999248
35,1,0.572145300000557
35,1,0.577731299999868
35,1,0.54283199999918
35,1,0.782738200001404
35,1,0.554777299999841
35,1,0.59669600000052
35,1,0.780278699998235
35,1,0.669356600001265
35,1,0.528622300000279
35,1,0.598463000000265
35,1,0.894374100000277
35,1,0.605709600000409
35,1,0.630572500000198
35,0,0.334480299999996
35,1,0.679027199999837
35,1,0.495564599999852
35,1,0.675627300000997
35,1,0.561474999998609
35,1,0.58624189999864
35,1,0.516375499999413
35,1,0.587278400000287
35,1,0.566106099999161
35,1,0.500235199999224
35,1,0.842603799999779
35,1,0.494161599999643
35,1,0.535428700000921
36,1,0.638997000001837
36,1,0.774036700000579
36,1,0.774136500000168
36,1,0.729469799996878
36,1,0.612569000000803
36,0,1.10358859999906
36,1,0.531362400000944
36,1,0.615271300001041
36,1,0.558583900001395
36,1,0.647457799997937
36,1,0.662082800001372
36,1,0.539774599998054
36,1,0.789809999998397
36,1,0.552189699999872
36,1,0.551754399999481
36,1,0.668089099999634
36,1,0.63058529999762
36,1,0.653651700002229
36,1,0.540555100000347
36,1,0.998694000001706
36,1,0.826689800000167
36,1,1.1598969000006
36,1,0.575129899996682
36,1,0.738358900001913
36,1,0.634053100002347
36,1,0.641179899997951
36,1,1.43486450000273
36,1,0.534037000001263
36,0,0.799304500000289
36,1,0.637525600002846
36,1,0.647396899999876
36,1,0.609916400000657
36,0,1.52083900000071
36,1,0.666381300001376
36,1,0.578346899997996
36,1,1.10968750000029
36,1,0.855125899997802
36,1,0.652958200000285
36,1,0.560922500000743
36,1,0.58545420000155
36,1,0.570954099999653
36,1,0.656244999998307
36,1,0.586403700002847
36,1,0.603068199998233
36,1,0.991207600000052
36,1,0.528821200001403
36,1,1.16602620000049
36,1,1.08182019999731
36,1,0.66976699999941
36,1,0.5375810000005
36,1,0.856176900000719
36,1,0.564945000001899
36,1,0.604963599998882
36,1,0.762704600001598
36,1,0.693883399999322
36,1,0.570646399999532
36,1,0.691050400000677
36,1,0.6327517000027
36,1,0.571712199998728
36,1,0.744905100000324
36,1,0.603027799999836
36,1,0.699416999999812
36,1,1.02387710000039
36,1,0.727263400000083
36,1,0.629101900001842
36,1,0.618829199996981
36,1,0.688904400001775
36,1,0.594310699998459
36,1,0.578562200000306
36,1,0.629601800003002
36,1,0.69418769999902
36,1,0.943499999997584
36,1,0.63572589999967
36,1,0.665362200001255
36,1,0.537684200000513
36,1,0.939317499996832
36,1,1.07418479999978
36,1,0.653936399998202
36,1,0.747647600001073
36,1,0.782108899999002
37,1,0.448837500000081
37,1,0.494474900002388
37,1,0.647038400002202
37,1,0.526092800002516
37,1,0.538416100000177
37,0,0.418392399998993
37,1,0.579531899998983
37,1,0.547315299998445
37,1,0.599662999997236
37,1,0.561497200000304
37,1,0.783895900000061
37,1,0.560906200000318
37,1,0.637200100001792
37,1,0.505934400000115
37,1,0.528190299999551
37,1,0.491515800000343
37,1,0.480116799997631
37,1,0.739656300000206
37,1,0.61780440000075
37,1,0.512087899998733
37,1,0.533777800003008
37,1,0.659805300001608
37,1,0.543132700000569
37,1,0.613641799998732
37,1,0.489923200002522
37,1,0.488500200000999
37,1,1.20616260000315
37,1,0.559126099997229
37,1,0.446097900003224
37,1,0.477552300002571
37,1,0.609782400002587
37,1,0.530188999997335
37,1,0.443245999998908
37,1,0.539674800002103
37,1,0.528708699999697
37,1,0.594266500000231
37,1,0.731153199998516
37,1,0.471865899999102
37,1,0.500191600000107
37,1,0.488330100000894
37,1,0.503909300001396
37,1,0.65057319999687
37,1,0.492017000000487
37,1,0.617331100002048
37,1,0.503386699998373
37,1,0.554700800003047
37,1,0.538014400000975
37,1,0.551201199999923
37,1,0.554826800002047
37,1,0.494855900000402
37,1,0.572846099999879
37,1,0.682386899999983
37,1,0.58857739999803
37,1,0.651463800000784
37,1,0.493953299999703
37,1,0.52659069999936
37,1,0.57113009999739
37,1,0.510181299996475
37,1,0.535311499999807
37,1,0.460131200001342
37,1,0.543151000001671
37,1,1.44400740000128
37,1,0.553587599999446
37,1,0.523680000002059
37,1,0.614746299997933
37,1,0.493763300000865
37,1,0.505325599999196
37,1,0.558492899999692
37,1,0.571245699997235
37,1,0.503036400001292
37,1,0.470805400000245
37,1,0.666302800000267
37,1,0.74503729999924
37,1,1.00453180000113
37,1,0.605203499999334
37,1,0.556614400000399
37,1,0.570995900001435
37,1,0.480193100000179
37,1,0.509361199998239
37,1,0.739374200002203
38,1,0.69757589999972
38,1,0.704745799999728
38,1,0.557426299999861
38,1,0.439004199999545
38,1,0.472051799999463
38,1,0.50980349999918
38,1,0.539009199999782
38,1,0.687566599999627
38,1,0.53536990000066
38,1,0.458219199999803
38,1,0.717530199999601
38,1,1.52435289999994
38,1,0.558605399999578
38,1,0.689397399999507
38,1,0.597746099998403
38,1,0.620927800000572
38,1,0.461765699999887
38,1,0.447304200000872
38,1,0.452046799999152
38,1,0.755908999999519
38,1,0.657444499998746
38,1,0.93313549999948
38,1,0.613353400000051
38,1,0.612571699999535
38,1,1.12778410000101
38,1,0.566238900000826
38,1,0.872420300000158
38,1,0.528825199999119
38,1,0.519032100000913
38,1,1.4825278999997
38,1,0.539072499999747
38,1,0.477003399999376
38,1,0.505822500001159
38,1,0.595106400000077
38,1,0.57955740000034
38,1,0.536730300000272
38,1,0.49844210000083
38,1,0.692291499999556
38,1,0.694160600000032
38,1,0.450407399999676
38,1,0.732924600000842
38,1,0.71012569999948
38,1,0.915628500000821
38,1,0.496671700000661
38,1,0.560898899999302
38,1,0.568695699999807
38,1,0.604165300001114
38,1,0.577154300000984
38,1,0.5089779000009
38,1,0.596423999999388
38,1,0.454867800001011
38,1,0.799087499999587
38,1,0.526783100000102
38,1,0.596039199999723
38,1,0.476776299999983
38,1,0.932240799998908
38,1,0.586370700000771
38,1,0.555999700000029
38,1,0.463238000000274
38,1,0.820364699999118
38,1,0.494751899999756
38,1,0.618089499999769
38,1,0.910430300000371
38,1,0.683837800001129
38,1,0.643754900000204
38,1,1.55690470000081
38,1,0.701226400000451
38,1,0.525630000000092
38,1,0.608075000000099
38,1,1.84135289999904
38,1,0.602680100000725
38,1,0.466209999998682
38,1,0.511754500001189
38,1,0.623347400000057
38,1,0.588939400000527
38,1,0.635793800000101
38,1,0.598500300000524
38,1,0.501011599999401
38,1,0.835659299998952
38,1,1.40370839999923
39,1,0.829701000009663
39,1,0.585596199991414
39,1,0.73528449999867
39,1,0.782869299990125
39,1,0.504112200025702
39,1,0.847284199990099
39,1,0.518010300002061
39,1,0.862719500000821
39,1,1.02736749997712
39,1,0.811756300012348
39,1,0.772728800016921
39,1,0.637840299983509
39,1,0.610183999990113
39,1,0.69209180001053
39,1,0.623968300002161
39,1,0.536404199985554
39,1,0.585823499975959
39,1,1.16216549999081
39,1,0.863943999982439
39,1,1.18769200000679
39,1,0.628013800014742
39,1,0.535365699994145
39,1,0.48357829998713
39,1,0.544338300009258
39,1,0.569508799992036
39,1,0.600772199977655
39,1,0.65468539998983
39,1,0.683175400015898
39,1,0.936283300019568
39,1,0.634705200005556
39,1,0.499851899978239
39,1,0.578893199999584
39,1,0.591786000004504
39,1,0.970078999991529
39,1,0.542180000018561
39,1,0.541296499985037
39,1,0.684924300003331
39,1,0.847284799994668
39,1,0.739380399987567
39,1,0.737279699998908
39,1,0.510369800002081
39,1,0.532611699978588
39,1,0.680647000001045
39,1,0.588095599989174
39,1,0.589921000006143
39,1,0.80547699998715
39,1,1.0498224000039
39,1,0.527140500023961
39,1,0.709862699994119
39,1,0.775932000018656
39,1,1.03520820001722
39,1,0.765294299984816
39,1,0.716622000007192
39,1,1.00874809999368
39,1,0.459929500008002
39,1,0.571724299981724
39,1,1.0134473000071
39,1,1.22317479999037
39,1,0.606963300000643
39,1,0.563633999990998
39,1,0.838040699978592
39,1,0.593846000003396
39,1,0.711801199999172
39,1,0.676828499999829
39,1,0.648085799999535
39,1,0.808918199996697
39,1,0.4752399000281
39,1,1.66212649998488
39,1,0.522216100012884
39,1,0.529054499987978
39,1,0.68372250001994
39,1,0.762115300021833
39,1,0.90535399998771
39,1,0.77288380000391
39,1,0.516506600019056
39,1,0.598465500021121
39,1,0.814898100012215
39,1,0.858783100004075
39,1,0.725262299994938
39,1,0.6378631000116
4,1,0.546372999999903
4,1,0.598779600000057
4,1,0.576258899999857
4,1,0.538777499999924
4,0,0.485983499999975
4,1,0.353341499999942
4,1,0.329082100000051
4,1,1.21065160000012
4,1,0.553580399999873
4,1,0.642619200000127
4,1,0.811762100000124
4,1,1.04103190000001
4,1,0.689297300000135
4,1,0.682129699999905
4,1,0.684380000000147
4,1,0.661032500000147
4,1,0.668933200000083
4,1,0.525651799999878
4,1,0.543191799999931
4,1,0.465969400000176
4,1,0.637626400000045
4,1,0.639454399999977
4,1,0.622052300000064
4,1,0.579722000000061
4,1,0.551161999999977
4,0,0.418728199999805
4,1,0.547653900000114
4,1,0.630418599999985
4,1,0.685274899999968
4,1,0.523735200000147
4,1,0.410326800000121
4,1,1.26253499999996
4,1,0.548860299999888
4,1,0.686831099999949
4,1,0.519140399999969
4,1,0.638673300000164
4,1,0.635636599999998
4,1,0.762349399999948
4,1,0.643423399999961
4,1,0.622577800000045
4,1,0.592189100000041
4,1,0.651412200000095
4,1,0.423345100000006
4,1,0.587947100000065
4,1,0.514342800000122
4,1,0.597968000000037
4,1,0.540798099999847
4,1,0.528338099999928
4,1,0.632957499999975
4,1,0.583871799999997
4,1,0.749367099999972
4,1,0.658549200000152
4,1,0.55858719999992
4,1,0.555528099999947
4,1,0.328199099999892
4,1,0.48670530000004
4,1,0.641893600000003
4,1,0.567048999999997
4,1,0.62958679999997
4,1,0.693927700000017
4,1,0.675847500000032
4,1,0.593605799999978
4,1,0.575432200000023
4,1,0.601327400000173
4,1,0.987039600000003
4,1,0.855752700000039
4,1,0.591580600000043
4,1,0.578082600000016
4,1,0.534024400000135
4,1,0.499031900000091
4,1,0.5248145999999
4,1,0.802199900000005
4,1,0.545977400000083
4,1,0.592229499999803
4,1,0.606666300000143
4,1,0.65724350000005
40,1,0.56527200000005
40,1,0.82406079999987
40,1,0.640372200000002
40,1,0.468195899999955
40,1,0.59121980000009
40,1,0.57663320000006
40,1,0.510458900000003
40,1,0.912777100000085
40,1,0.510195899999985
40,1,0.690884900000128
40,1,0.742223100000047
40,1,0.614381000000094
40,1,0.565505900000062
40,1,0.576051599999914
40,1,0.826364400000102
40,1,1.09073869999997
40,1,0.516883199999938
40,1,0.87141859999997
40,1,0.719395500000019
40,1,0.511183000000074
40,1,0.657657499999914
40,1,0.717357100000072
40,1,0.661420700000008
40,1,0.626764599999888
40,1,0.528228099999978
40,1,0.673166300000048
40,1,1.06476799999996
40,1,0.850708700000041
40,1,0.72812040000008
40,1,0.591794899999968
40,1,0.562733299999991
40,1,0.802214399999912
40,1,0.574795999999878
40,1,0.727853400000072
40,1,0.967431899999951
40,1,0.956582700000126
40,1,0.582177900000033
40,1,0.565651099999968
40,1,0.567087700000002
40,1,0.543756600000052
40,1,0.554709099999855
40,1,0.625488199999836
40,1,0.674848300000008
40,1,0.740411799999947
40,1,0.59097359999987
40,1,0.619009999999889
40,1,0.603679800000009
40,1,0.781446000000074
40,1,0.904120899999953
40,1,0.623546899999837
40,1,0.786148499999967
40,1,0.947327600000108
40,1,0.914266299999781
40,1,0.498629800000003
40,1,0.52492129999996
40,1,0.628393300000198
40,1,0.567162400000143
40,1,0.568017000000054
40,1,0.690961899999934
40,1,0.721606099999917
40,1,0.883530299999961
40,1,0.53464340000005
40,1,0.643525400000044
40,1,0.8680303000001
40,1,0.512847700000066
40,1,0.879741999999851
40,1,0.603414399999906
40,1,0.706519200000002
40,1,0.668276600000127
40,1,0.863724499999989
40,1,1.87844830000006
40,1,0.713232300000072
40,1,0.607097199999998
40,1,1.24248489999991
40,1,0.511679500000014
40,1,0.566610000000082
40,1,0.63299690000008
40,1,0.589313699999934
40,1,0.712433799999985
40,1,0.56657389999998
41,1,0.646072600007756
41,1,0.597393900010502
41,1,0.478585000004387
41,1,0.567956599988975
41,1,0.497352699982002
41,1,1.19235439997283
41,1,0.946958899992751
41,1,0.425660799985053
41,1,0.494991399988066
41,1,0.62092409998877
41,1,0.563514000008581
41,1,0.505730200005928
41,1,0.522188200004166
41,1,0.468491300009191
41,1,0.539529700006824
41,1,0.417517599998973
41,1,0.531393299985211
41,1,0.53360279998742
41,1,0.47352050000336
41,1,0.583076300012181
41,1,0.553875900019193
41,1,0.804390100005548
41,1,0.540840300003765
41,0,0.881106199987698
41,1,0.522911800013389
41,1,0.670925499987788
41,1,0.513820799998939
41,1,0.612804100004723
41,1,0.575537199998507
41,1,0.533976000006078
41,1,1.57339700000011
41,1,0.524967099976493
41,1,0.458313100010855
41,1,0.843261600006372
41,1,0.521045900008176
41,1,0.557366099994397
41,1,0.531018500012578
41,1,0.520523399987724
41,1,0.579004400002304
41,1,0.610437299998011
41,1,0.465926100005163
41,1,0.543462700006785
41,1,0.47631349999574
41,1,0.529032400023425
41,1,0.606000500003574
41,1,0.488711200014222
41,1,0.674490999983391
41,1,0.985638999991352
41,1,0.41174039998441
41,1,0.503945599979488
41,1,0.609366499993484
41,1,0.594311499997275
41,1,0.689613299997291
41,1,0.518734700017376
41,1,0.509039800002938
41,1,0.55308410001453
41,1,0.519635500008008
41,1,0.667347100010375
41,1,0.499630500009516
41,1,0.769438899995293
41,1,0.49983409998822
41,1,0.552108800009592
41,1,0.526399099995615
41,1,0.479773300001398
41,1,0.482126699993387
41,1,0.690583099989453
41,1,0.52896310001961
41,1,0.469756900012726
41,1,0.574255799991079
41,1,0.470772300002864
41,1,0.497503100021277
41,1,0.522377299988875
41,1,0.45903100000578
41,1,0.745832600019639
41,1,0.557238999987021
41,1,0.450396900007036
41,0,0.999214699986624
41,1,0.476255599991418
41,1,0.448737900005654
41,1,0.595297199994093
42,1,0.428815499999473
42,1,0.603415800000221
42,1,0.582448500001192
42,1,0.529474400002073
42,1,0.578331100001378
42,1,0.478123699998832
42,1,0.404434000000037
42,1,0.440308999997796
42,1,0.622395400001551
42,1,0.523365100001683
42,1,0.53038480000032
42,1,0.439068100000441
42,1,0.562938400002167
42,1,0.811028000000078
42,1,0.616990999998961
42,1,0.542874300001131
42,1,0.539202600000863
42,1,0.588282699998672
42,1,0.616621299999679
42,1,0.429981500001304
42,1,0.484001900000294
42,1,0.517242099998839
42,1,0.579475200000161
42,1,0.540940399998362
42,1,0.610290900000109
42,1,0.570433199998661
42,1,0.824909499999194
42,1,0.504196900001261
42,1,0.519443400000455
42,1,0.496995100002096
42,1,0.534137200000259
42,1,0.452666900000622
42,1,0.459223400001065
42,1,0.546627600000647
42,1,0.627928299996711
42,1,0.502598799997941
42,1,0.504189200000837
42,1,0.550446700002794
42,1,0.524711999998544
42,1,0.445617999997921
42,1,0.476078600000619
42,1,0.551649499997438
42,1,0.560651400002826
42,1,0.60468679999758
42,1,0.550928500000737
42,1,0.60782659999677
42,1,0.47618909999801
42,1,1.06445910000184
42,1,0.607899599999655
42,1,0.683772199998202
42,1,0.453535000000556
42,1,0.463862600001448
42,1,0.535227899999882
42,1,0.494554299999436
42,1,0.627084100000502
42,1,0.791944199998397
42,1,0.527037600000767
42,0,0.678869699997449
42,1,0.600300300000526
42,1,0.61102530000062
42,1,0.409811999998055
42,1,0.490667099998973
42,1,0.547917799998686
42,1,0.651450699999259
42,1,0.497109500000079
42,1,1.16743090000091
42,1,0.432314099998621
42,1,0.526503699999012
42,1,0.491087800000969
42,1,0.505887999999686
42,1,0.593717499999912
42,1,0.486605800000689
42,1,0.605073999999149
42,1,0.497181499998987
42,1,0.472938400002022
42,1,0.489957500001765
42,1,0.707461800000601
42,1,0.527261300001555
42,1,0.446901999999682
42,1,0.50610990000132
43,1,0.456475599999976
43,1,0.628401999998459
43,1,0.6437920999997
43,0,0.693108499999653
43,1,0.665379099998972
43,1,0.662061200000608
43,1,0.923034799998277
43,1,0.555574600002728
43,1,1.06942580000032
43,1,1.39159940000172
43,1,0.739609399999608
43,1,0.606728400001884
43,1,0.554270000000542
43,1,0.657739199999924
43,1,0.923169500001677
43,1,0.565240200001426
43,1,0.618877400000201
43,1,1.23077919999923
43,1,0.562458699998388
43,1,1.66083409999919
43,1,0.700294500002201
43,1,0.626073600000382
43,1,0.739706100001058
43,1,0.679731300002459
43,1,0.614444899998489
43,1,0.539958200002729
43,1,0.525007600001118
43,1,0.607244700000592
43,1,0.632722599999397
43,1,1.83450079999966
43,1,0.536169200000586
43,1,0.512138500002038
43,1,0.514997799997218
43,0,1.41191759999856
43,0,0.710432200001378
43,1,1.26844889999848
43,1,0.689259100003255
43,1,0.665463100001944
43,1,0.58216320000065
43,1,0.521598999999696
43,1,0.590309100000013
43,1,0.552922200000467
43,1,0.573528899996745
43,1,0.744836000001669
43,1,0.958323500002734
43,1,0.530654800000775
43,1,0.679647100001603
43,1,1.26933519999875
43,1,0.708648300002096
43,1,0.58951850000085
43,1,1.62263380000149
43,1,0.551447199999529
43,1,0.790313000001333
43,1,1.50511740000002
43,1,0.590134199999738
43,1,0.807170500000211
43,1,0.60644880000109
43,1,1.00214960000085
43,1,0.631592699999601
43,1,0.63536490000115
43,1,1.15057560000059
43,1,1.91964989999906
43,1,0.495660500000668
43,1,0.559964299998683
43,1,1.14958219999971
43,1,0.581923100002314
43,1,0.529533000000811
43,1,1.88817949999793
43,1,0.798718899997766
43,1,0.719555699997727
43,1,0.689095499998075
43,1,0.582698000001983
43,1,0.609950099998969
43,1,0.589213300001575
43,1,0.479131600000983
43,0,0.595557000000554
43,1,0.822474900000088
43,1,1.13999740000145
43,1,1.45160129999931
44,1,0.541646599999694
44,1,0.593279700000494
44,1,0.550672399999712
44,1,0.632938300000205
44,1,0.546346500000254
44,1,0.488140499999645
44,1,0.547163600000204
44,1,0.629664400000365
44,1,0.602025299999696
44,1,0.600690700000087
44,1,0.607637299999624
44,1,0.56610610000007
44,1,0.553854100000535
44,1,0.496677399999498
44,1,0.43968810000024
44,1,0.558608899999854
44,1,0.660097800000585
44,1,0.569149599999946
44,1,1.30098730000009
44,0,0.83920390000003
44,1,0.534338400000706
44,1,0.553784799999448
44,1,0.591675300000134
44,1,0.741855400000532
44,1,0.788344800000232
44,1,0.514549699999407
44,1,0.543451100000311
44,1,0.552929499999664
44,1,0.601305399999546
44,1,0.518194499999481
44,1,0.596953799999937
44,1,0.587601100000029
44,1,0.534632600000805
44,1,0.57578999999987
44,1,0.507628600000317
44,1,0.513893399999688
44,1,0.446267799999987
44,1,0.596014300000206
44,1,1.08830490000037
44,1,0.727665200000047
44,1,0.644011499999579
44,1,0.604372699999658
44,1,0.548954199999571
44,1,0.444028599999911
44,1,0.565707900000234
44,1,0.694354299999759
44,1,0.693535899999915
44,1,0.700645199999599
44,1,0.498834199999692
44,1,0.481898899999578
44,1,0.471158400000604
44,0,0.54856910000035
44,1,0.51735219999955
44,1,0.638033900000664
44,1,0.97524599999997
44,1,0.628813899999841
44,1,0.685563900000489
44,1,0.552811999999903
44,1,0.772319500000776
44,1,0.599182400000245
44,1,0.618861800000559
44,1,0.533922300000086
44,1,0.546062400000665
44,0,1.33067360000041
44,1,0.524521199999981
44,1,1.17853989999912
44,1,0.843576100000064
44,1,0.518935500000225
44,1,0.532596099999864
44,1,0.607587200000125
44,1,0.435843600000226
44,1,0.534356500000285
44,1,0.539166499999737
44,1,0.856835300000057
44,1,0.524796700000479
44,1,0.575914699999885
44,1,0.532065600000351
45,1,0.631883800029755
45,1,0.702360399998724
45,1,0.581745599978603
45,1,1.09114079992287
45,1,0.528003199957311
45,1,0.602958000032231
45,1,0.698228799970821
45,1,0.953327999915928
45,1,1.07420349994209
45,1,0.770789999980479
45,1,0.517275899997912
45,1,0.67391230002977
45,1,0.624587099999189
45,1,0.581450600060634
45,1,0.891890099970624
45,1,0.748562599997967
45,1,0.896521299961023
45,1,0.708211200078949
45,1,0.533216499956325
45,1,0.709093699930236
45,1,0.531646199990064
45,1,0.83091100002639
45,1,0.542964199907146
45,1,0.580421299906448
45,1,0.510893000056967
45,1,0.586745100095868
45,1,0.585578499943949
45,1,0.827175899990834
45,1,0.592127699987032
45,1,0.948888199985959
45,1,0.636005999986082
45,1,0.607810999965295
45,1,0.651778999948874
45,1,0.932704400038347
45,1,0.551638400065713
45,1,0.552783499937505
45,1,1.04198320000432
45,1,0.693424800061621
45,1,0.549121299991384
45,1,0.633187399944291
45,1,1.13709299999755
45,1,0.608289199997671
45,1,0.524957999936305
45,1,0.928853400051594
45,1,0.600935299997218
45,1,0.632919099996798
45,1,0.575126699986868
45,1,0.644604799919762
45,1,0.664114900049753
45,1,0.658016600064002
45,1,0.765500899986364
45,1,0.923990700044669
45,1,0.610046399990097
45,1,0.647604400059208
45,1,0.536670500063337
45,1,0.46327230008319
45,1,0.809811599901877
45,1,0.822791100014001
45,1,0.842355699976906
45,1,0.539940900052898
45,1,1.2117159999907
45,1,0.607356299995445
45,1,0.699068799964152
45,1,0.521409000037238
45,1,0.613228000001982
45,1,0.690943800029345
45,1,0.89445819996763
45,1,0.569278700044379
45,1,0.57830950000789
45,1,0.709243300021626
45,1,0.53173089993652
45,1,0.590627999976277
45,1,0.533781799953431
45,1,0.651038400013931
45,1,0.656597599969245
45,1,0.710223800037056
45,1,0.520871100015938
45,1,0.757577800075524
45,1,0.488236399949528
45,1,0.670631899964064
46,1,0.682612199998403
46,1,0.573608800001239
46,1,0.680552400001034
46,1,0.844901000000391
46,1,0.612232700001186
46,1,1.1221349999978
46,1,0.938395199998922
46,1,0.598729299999832
46,1,0.578344199999265
46,1,0.585475200001383
46,1,1.00056749999931
46,1,0.537928500001726
46,1,0.545881300000474
46,1,0.708707900001173
46,1,0.562196900002164
46,1,0.849953300003108
46,1,0.459943400001066
46,1,0.685529499998665
46,1,0.744088600000396
46,1,0.523427000000083
46,1,0.643138300001738
46,1,0.64326230000006
46,1,0.581095500001538
46,1,0.577659400001721
46,1,0.73081529999763
46,1,0.496751800001221
46,1,0.551096799998049
46,1,0.597383500000433
46,1,0.934523200001422
46,1,0.635231799999019
46,1,0.515187199998763
46,1,0.806415899998683
46,1,0.631768600000214
46,1,0.573237299999164
46,1,0.748711899999762
46,1,0.779810100000759
46,0,1.37433560000136
46,1,0.586733500000264
46,1,0.980492999999115
46,1,0.577119199999288
46,1,0.964151500000298
46,1,0.614784499997768
46,1,0.698459999999614
46,1,0.664409500001057
46,1,0.589715099999012
46,1,0.584701399999176
46,1,0.71831800000291
46,1,0.80565370000113
46,1,0.537821699999768
46,1,0.626485199998569
46,1,0.567607599998155
46,1,0.513148800000636
46,1,1.1076576000014
46,1,0.540014499998506
46,1,0.566679700001259
46,1,0.843404700000974
46,1,0.608076399999845
46,1,0.886997199999314
46,1,0.502796799999487
46,1,0.866458899999998
46,1,0.73267389999819
46,1,0.635584399999061
46,1,0.536941200000001
46,1,0.57617019999816
46,1,0.781244700003299
46,1,0.621074200000294
46,1,1.29096539999955
46,1,0.598696500001097
46,1,1.1484724999973
46,1,0.774106799999572
46,1,0.883465800001431
46,1,0.542591499997798
46,1,0.57889140000043
46,1,0.497095200000331
46,0,0.800692200002231
46,1,0.693594100001064
46,1,0.753442500001256
46,1,0.561680099999649
46,1,0.54882660000294
46,1,1.40090880000207
47,1,0.763615300000311
47,1,0.741013200000452
47,1,0.586910400001216
47,1,0.688082200000281
47,1,1.9537779000002
47,1,0.655961500000558
47,1,1.78252319999956
47,1,0.739806800000224
47,1,1.49225040000056
47,1,1.16297619999932
47,1,0.704194899999493
47,1,0.520625500001188
47,1,1.68731310000112
47,1,0.814528699998846
47,1,0.736939599999459
47,1,0.818895899999916
47,1,0.527631399998427
47,1,1.11431450000055
47,1,0.500234000001001
47,1,0.59429369999998
47,1,1.02875619999941
47,1,1.33942059999936
47,1,0.941636600000493
47,1,0.838236300000062
47,1,0.710392799999681
47,1,1.07361010000022
47,1,0.809623299999657
47,1,0.489600799999607
47,1,1.63703639999949
47,1,0.64654210000117
47,1,0.75915680000071
47,1,1.0804735999991
47,1,1.02971620000062
47,1,0.656591599999956
47,1,1.57784600000014
47,1,0.602485499999602
47,1,0.644312399999762
47,1,0.748986000000514
47,1,0.68274510000083
47,1,1.21781420000116
47,1,0.674035099998946
47,1,0.504420799999934
47,1,2.30312620000041
47,1,0.613790999999765
47,1,0.785808200000247
47,1,1.16543540000021
47,1,0.852654099999199
47,1,1.00775120000071
47,1,0.720044900001085
47,1,0.652813599999718
47,1,0.665647899999385
47,1,1.17503740000029
47,1,0.572847399998864
47,1,0.607417200000782
47,1,0.626122400000895
47,1,0.613074500000948
47,1,0.860812099999748
47,1,1.67351849999977
47,1,0.778036600000632
47,1,0.754893799999991
47,1,0.747614099998827
47,1,0.557471299998724
47,1,0.618825800000195
47,1,1.48546910000005
47,1,1.82467250000082
47,1,1.01403570000002
47,1,0.514611000000514
47,1,0.480399800000669
47,1,0.720325099999172
47,1,0.661680799999885
47,1,0.617974800001321
47,1,0.642952600001081
47,1,1.10366050000084
47,1,0.567696300000534
47,1,0.635494900001504
48,1,0.772061600000598
48,1,1.2152657000006
48,1,0.860253800001374
48,1,0.967721099998016
48,1,0.69112369999857
48,1,0.566264400000364
48,1,0.840847300001769
48,1,0.865757200001099
48,1,0.815776299998106
48,1,1.44126950000282
48,1,0.898237000001245
48,1,0.762349199998425
48,1,1.12525190000088
48,1,0.598667700000078
48,1,0.671073600002273
48,1,1.34805160000178
48,1,1.01691660000142
48,1,0.681294500001968
48,1,0.728662400000758
48,1,1.28233190000174
48,1,0.766111299999466
48,1,1.05251209999915
48,1,1.39025779999793
48,1,1.65055040000152
48,1,0.704124299998512
48,1,0.809604599999147
48,1,1.02132530000017
48,1,1.64463610000166
48,1,0.698922600000515
48,1,0.677813599999354
48,1,1.05428930000198
48,1,0.615131899998232
48,1,1.5675181000006
48,1,0.894296399997984
48,1,0.907447500001581
48,1,0.572945299998537
48,1,0.739202199998545
48,1,0.795517499998823
48,1,1.1868166000022
48,1,0.904896500000177
48,1,0.786303499997302
48,1,0.591196400000626
48,1,0.548389500003395
48,1,0.800919199999043
48,1,0.583872600000177
48,1,0.606309999999212
48,1,0.57932190000065
48,1,1.07507900000201
48,1,0.81649020000259
48,1,0.682684799998242
48,1,0.768331300001591
48,1,0.642641800001002
48,1,0.857541299999866
48,1,1.70799239999906
48,1,0.64842249999856
48,1,0.760853800002224
48,1,0.75563400000101
48,1,0.653306500000326
48,1,0.868840499999351
48,1,0.854253199999221
48,1,0.862298299998656
48,1,0.702547000000777
48,1,0.859364100000676
48,1,1.20245369999975
48,1,0.728183499999432
48,1,0.691021399998135
48,1,0.63052620000235
48,1,0.735870299999078
48,1,1.12412340000083
48,1,0.83412330000283
48,1,1.14554240000143
48,1,1.36098710000078
48,1,0.926943099999335
48,1,0.733409100001154
48,1,1.11613159999979
48,1,1.58024429999932
48,1,0.559878599997319
48,1,1.04368789999717
49,1,0.5430997
49,1,0.7579359
49,1,0.5179107
49,1,0.6299636
49,1,0.5765087
49,1,0.5602707
49,1,0.688132
49,1,0.5509722
49,1,0.5870899
49,1,0.8283368
49,1,0.5971963
49,1,0.4690137
49,1,0.5894727
49,1,0.6131819
49,1,0.8221211
49,1,0.5478382
49,1,0.6157316
49,1,0.6208992
49,1,0.4540895
49,1,0.7474331
49,1,0.4794245
49,1,1.2817675
49,1,0.6322375
49,1,0.4895014
49,1,0.5362096
49,1,0.5821603
49,1,1.7761128
49,1,0.9518517
49,1,0.4562126
49,1,0.8295556
49,1,0.586432
49,1,0.5925928
49,1,0.5327803
49,1,0.5333932
49,1,0.6354737
49,1,0.7116121
49,1,0.679669
49,1,0.5879359
49,1,0.6687484
49,1,0.7552726
49,1,0.4488396
49,1,0.4975524
49,1,0.7055445
49,1,0.6671559
49,1,0.6852841
49,1,0.7056359
49,1,0.621223
49,1,0.5898005
49,1,0.5615808
49,1,0.5379295
49,1,0.5772207
49,1,0.5137001
49,1,0.6779492
49,1,0.5538149
49,1,0.6141254
49,1,0.5402726
49,1,0.5029438
49,1,1.1227259
49,1,0.5691831
49,1,0.5788557
49,1,0.5653359
49,1,0.795344
49,1,0.5901717
49,1,0.5394816
49,1,0.6081675
49,1,0.5610341
49,1,0.6179011
49,1,0.4614967
49,1,0.584235
49,1,0.5596568
49,1,0.5201318
49,1,0.5803456
49,1,0.6523465
49,1,0.6256419
49,1,0.5776179
49,1,0.4412682
49,1,1.1217119
49,1,0.6867776
49,1,0.6816449
49,1,0.5176938
5,1,0.729961000000912
5,1,1.10461179999766
5,1,1.07025000000067
5,1,0.902260800001386
5,1,2.03567329999714
5,1,0.700752600001579
5,1,0.655342500002007
5,1,0.827165199996671
5,1,0.940890699999727
5,1,0.804836899998918
5,1,1.0632039000011
5,1,0.614249800000835
5,0,0.922088899998926
5,1,1.44675869999992
5,1,0.517161100000521
5,1,0.748403300000064
5,1,0.655891700000211
5,1,0.814182500002062
5,1,0.590656800002762
5,1,1.42981679999866
5,1,0.654553200001828
5,1,0.736533299997973
5,1,0.663341600000422
5,1,0.617217700000765
5,1,0.802784299998166
5,1,0.663209999998799
5,1,0.708055899998726
5,1,1.08464380000078
5,1,0.656474899999012
5,1,1.40956550000192
5,1,1.81226600000082
5,1,1.28368840000257
5,1,0.700785399996676
5,0,1.02919649999967
5,1,0.648786300000211
5,1,0.638513300000341
5,1,0.861941700000898
5,1,0.571365700001479
5,1,1.56395749999865
5,1,0.877470599996741
5,1,1.05602449999787
5,1,0.785301600000821
5,1,0.705823600001168
5,1,0.886732700000721
5,1,0.731687100000272
5,1,0.639023699997779
5,1,0.622948500000348
5,1,0.707710100003169
5,1,1.12872990000324
5,1,0.862548200002493
5,1,1.0616955000005
5,1,1.00789770000119
5,1,0.762839399998484
5,1,0.981163899999956
5,1,1.93189040000289
5,1,1.82445300000109
5,1,1.30157949999921
5,1,0.763466200001858
5,1,0.7693732000007
5,1,0.732208900000842
5,1,0.673093899997184
5,1,0.945728300001065
5,1,0.748800100001972
5,1,0.723862700000609
5,1,1.31347140000071
5,1,0.767204200001288
5,0,1.02325389999896
5,1,1.7724412000025
5,1,0.671240200001193
5,1,0.923949500000163
5,0,0.639302600000519
5,1,0.757904599999165
5,1,0.869570599999861
5,1,0.667759700001625
5,1,1.17297099999996
5,1,0.719787199999701
5,1,0.87118289999853
5,1,0.895794700001716
5,1,0.683824100000493
50,1,0.372276300000522
50,1,0.66110370000024
50,1,0.527628700001515
50,1,0.596240599999874
50,1,0.586578200000076
50,1,0.461187699998845
50,1,0.670343099998718
50,1,0.433108600002015
50,1,0.529736899999989
50,1,0.462481000002299
50,1,1.04692390000127
50,1,0.510275300002832
50,1,0.791868299998896
50,1,0.556979699998919
50,1,0.664000200002192
50,1,0.681669999998121
50,1,0.566366900002322
50,1,0.432556399999157
50,1,0.605842500001017
50,1,0.694832600001973
50,1,0.55100080000193
50,1,0.438072400000237
50,1,0.629600799999025
50,1,0.612175500002195
50,1,0.546792000001005
50,1,0.533993000000919
50,1,0.528452200000174
50,1,0.825287300001946
50,1,1.54511319999801
50,1,0.565810299998702
50,1,0.575102399998286
50,1,0.469076599998516
50,1,0.429149100000359
50,0,0.600202900001022
50,1,0.522280499997578
50,1,0.504988000000594
50,1,0.577930699997523
50,1,0.500834599999507
50,1,0.997005499997613
50,1,0.593943799998669
50,1,0.7764688999996
50,1,0.516266599999653
50,1,0.830864999999903
50,1,0.423287100002199
50,1,0.389457300003414
50,1,0.823784299998806
50,1,0.512262399999599
50,1,0.592241099999228
50,1,0.437008900000365
50,1,0.658309200000076
50,1,1.23826170000029
50,1,0.722892400001001
50,1,0.714640400001372
50,1,0.582703199997923
50,1,0.592434900001535
50,1,0.481198000001314
50,1,0.596398699999554
50,0,0.459761999998591
50,1,0.587097200001153
50,1,0.545464000002539
50,1,0.553725900001155
50,1,0.643620599999849
50,1,0.48661699999866
50,1,1.17448759999752
50,1,0.835741200000484
50,1,0.665225900000223
50,1,0.467416699997557
50,1,0.620767799999157
50,1,0.475155799998902
50,1,0.634113699998125
50,1,0.517101800000091
50,1,0.433727799998451
50,1,0.528750299999956
50,1,0.591473499996937
50,1,0.566822600001615
50,1,0.534472700001061
50,1,0.554036300000007
50,1,0.74916949999897
50,1,0.605540200001997
51,1,0.793333200000234
51,1,0.782169299999623
51,1,1.07636720000028
51,1,1.06641979999949
51,1,0.657134000000042
51,1,0.652949100000114
51,1,0.780223900000237
51,1,0.729170699999486
51,1,0.731217600000491
51,1,0.65328800000043
51,1,0.728840400000081
51,1,0.679285100000016
51,1,0.790840800000296
51,1,0.682268099999419
51,1,0.735335399999713
51,1,1.24545130000024
51,1,1.35294669999985
51,1,0.739739999999983
51,1,0.910504299999957
51,1,1.34681120000005
51,1,0.808737299999848
51,1,0.657635900000059
51,1,0.823955099999694
51,1,0.884608200000002
51,1,1.35443470000064
51,1,1.52343250000013
51,1,0.763449299999593
51,1,1.27934060000007
51,1,0.677270299999691
51,1,0.709294399999635
51,1,0.649022399999922
51,1,0.78778020000027
51,0,0.988916100000097
51,1,0.879910700000437
51,1,0.62050679999993
51,1,0.665744099999756
51,1,0.963580800000273
51,1,1.12004349999916
51,1,1.22001759999966
51,1,0.797283400000197
51,1,0.567269999999553
51,1,0.981143699999848
51,1,0.69380270000056
51,1,0.756176300000334
51,1,0.642121799999586
51,1,0.663885599999958
51,1,0.599661899999774
51,1,0.645937399999639
51,1,0.730537800000093
51,1,0.548232600000119
51,1,1.2569754999995
51,1,1.18872170000031
51,1,1.23971450000045
51,1,1.55240390000017
51,1,0.66316790000019
51,1,0.652325299999575
51,1,0.677213699999811
51,1,1.02357699999993
51,1,0.693937699999879
51,1,0.65319240000008
51,1,0.724421199999597
51,1,0.967234599999756
51,1,0.710052800000085
51,1,0.625307499999508
51,1,0.66398560000016
51,1,0.688215299999683
51,1,0.798458899999787
51,1,1.20495010000013
51,1,1.13431809999929
51,1,1.04361599999993
51,1,0.680336700000225
51,1,1.3824697
51,1,0.907562000000325
51,1,0.800253500000508
51,1,0.895894700000099
51,1,0.786258900000576
51,1,0.801779200000055
51,1,1.65400510000018
51,1,0.595371899999918
52,1,0.775621500000852
52,1,1.15717909999876
52,1,0.877547899999627
52,1,0.699654099997133
52,1,0.710631099998864
52,1,0.764559199997166
52,1,0.692421700001432
52,0,0.912443499997607
52,1,0.728078400003142
52,1,1.21987420000005
52,1,2.2322940999984
52,1,0.72371159999966
52,1,1.26053540000066
52,1,0.623410700001841
52,1,1.071436000002
52,1,1.11627919999955
52,1,1.1628606000013
52,1,0.927475500000583
52,1,1.0040955000004
52,1,1.29065489999994
52,1,1.48613409999962
52,1,1.28893270000117
52,1,1.56575460000022
52,1,0.786670099998446
52,1,1.9723296000011
52,0,1.73911109999972
52,1,0.744918799999141
52,1,0.675706599999103
52,1,1.51659089999885
52,1,1.4080017999986
52,1,0.896217499997874
52,0,1.10744340000019
52,1,1.32622400000037
52,1,1.51238419999936
52,1,0.696996099999524
52,0,1.9854817000014
52,1,0.988498199996684
52,1,0.775136199998087
52,1,0.838226799998665
52,1,1.16860389999783
52,1,1.45076800000243
52,1,0.842954899999313
52,1,0.855495900003007
52,0,0.852462499999092
52,1,1.85592660000111
52,1,0.589804700000968
52,1,1.10073529999863
52,1,0.926056900003459
52,1,1.18990239999766
52,1,1.25969700000132
52,1,2.3177904999975
52,1,0.687181299999793
52,1,1.60555799999929
52,1,0.6999599999981
52,1,0.728041399997892
52,1,2.14517310000156
52,1,1.82605299999705
52,1,1.35265269999945
52,1,0.947735100002319
52,1,0.925346400003036
52,1,0.678838100000576
52,1,0.792364400000224
52,1,1.86490179999964
52,1,0.900047400002222
52,1,0.726351699999213
52,1,1.2126090999991
52,1,1.28669579999769
52,1,1.12157239999942
52,1,1.14464470000166
52,1,1.4963542000005
52,1,0.829413799998292
52,1,0.852502800000366
6,1,0.548967599999742
6,0,0.485191799998574
6,1,0.518596599999
6,1,0.582684999999401
6,1,0.559098399999129
6,1,0.615790699999707
6,1,0.734847899999295
6,1,0.581642900000588
6,1,0.758802599999399
6,1,0.614919999999984
6,1,0.530323799999678
6,1,0.644495900000038
6,1,0.795183899999756
6,1,0.499765200000184
6,1,0.502373799999987
6,1,0.588233700000274
6,1,0.615562099999806
6,1,0.791753299999982
6,1,0.744260699999359
6,1,0.581468700000187
6,1,0.821755500001018
6,1,0.636153600000398
6,1,0.705697900000814
6,1,0.676911500000642
6,1,0.520139999998719
6,1,0.488441199999215
6,1,0.670388100001219
6,1,0.468199799999638
6,1,0.491051099999822
6,1,0.546842300000208
6,1,0.629860800001552
6,1,0.553691199998866
6,1,0.434004299999287
6,1,0.704000499999893
6,1,0.438416400000278
6,1,0.541879599999447
6,1,0.627967399999761
6,1,0.573973799999294
6,1,0.548014600000897
6,1,0.635601199999655
6,1,0.498302900001363
6,1,0.568218500000512
6,1,0.681762300000628
6,1,0.533029799998985
6,1,0.790013100000579
6,1,0.464988199999425
6,1,0.641582399999606
6,1,0.60910530000001
6,0,0.492607899999712
6,1,0.562642400000186
6,1,0.661320900000646
6,1,0.573753300001044
6,1,0.563342899999043
6,1,0.562665800000104
6,1,0.590729700001248
6,1,0.511028099999749
6,1,0.586117799999556
6,1,0.574753799999598
6,1,0.514991099998952
6,1,0.451007800000298
6,1,0.499004699999205
6,1,0.613779100000102
6,1,0.510054399999717
6,1,0.482316899999205
6,1,0.644611600000644
6,1,0.5267273999998
6,1,0.55648790000123
6,1,0.590745200001038
6,1,0.555349400001433
6,1,0.506716900001265
6,1,0.633931099999245
6,1,0.525737199999639
6,1,0.697226600001159
6,1,0.599607500000275
6,1,0.520044200000484
6,1,0.491314599999896
6,1,0.527602599999227
6,1,0.592498200001501
6,1,0.615110699998695
6,1,0.47313480000048
7,1,0.52112070000021
7,1,0.645767200000137
7,1,0.55334989999983
7,1,0.605443200000082
7,1,0.544796499999848
7,1,0.480418599999666
7,1,0.565548900000067
7,1,0.549346499999956
7,1,0.628743200000372
7,1,0.699947699999939
7,1,0.559234500000002
7,1,0.531031700000312
7,1,0.567161200000101
7,1,1.21939090000023
7,1,0.651628200000232
7,1,0.525005400000282
7,1,0.516736899999614
7,1,0.494965800000045
7,1,0.660407400000167
7,1,0.612877699999899
7,1,0.528287900000123
7,1,0.636681699999826
7,1,0.700042399999802
7,1,0.542534799999885
7,1,0.698021499999868
7,1,0.546416500000305
7,1,0.488814700000148
7,1,0.605830900000001
7,1,0.81436020000001
7,1,0.592045099999723
7,1,0.567317699999876
7,1,0.645219900000029
7,1,0.767394799999693
7,1,1.06146549999994
7,1,0.53278709999995
7,1,0.558282799999688
7,1,0.7273224999999
7,1,0.852444900000137
7,1,0.539685299999746
7,1,0.630057299999862
7,1,0.584047800000008
7,1,0.527759399999923
7,1,0.585766400000011
7,1,0.625350100000105
7,1,0.524936600000274
7,1,0.790624900000239
7,1,0.560018300000138
7,1,0.554771099999925
7,1,0.614026900000226
7,1,0.951921000000311
7,1,0.608099399999901
7,1,0.728353299999981
7,1,0.571488899999622
7,1,0.529207900000074
7,1,0.628644500000064
7,1,0.527156800000284
7,1,0.561507999999776
7,1,0.489291899999898
7,1,0.630944399999862
7,1,0.578333400000247
7,1,0.545645500000319
7,1,0.698520099999769
7,1,0.541012499999852
7,1,0.845955000000231
7,1,0.511421100000007
7,1,0.495759099999759
7,1,0.532743899999787
7,1,0.524979600000279
7,1,0.587113800000225
7,1,0.61103120000007
7,1,0.55644220000022
7,1,0.572304700000132
7,1,0.505676400000084
7,1,0.558831899999859
7,1,0.756302599999799
7,1,0.584231799999998
7,1,0.63245199999983
8,1,0.6491723
8,1,0.97836
8,1,0.5287594
8,1,0.8010416
8,1,0.5984088
8,1,0.5553083
8,1,0.574979
8,1,0.5764051
8,1,0.545471
8,0,0.7330705
8,1,0.4928239
8,1,0.5804683
8,1,0.6617264
8,1,0.6227034
8,1,0.5184552
8,0,0.5596365
8,1,0.5812838
8,1,0.5822808
8,1,0.9275312
8,1,0.5109774
8,1,0.4938262
8,1,0.5390586
8,1,1.1830231
8,1,0.5745803
8,1,0.4974914
8,1,0.9331384
8,1,0.5149967
8,1,0.5501003
8,1,0.6009719
8,1,0.6265491
8,1,1.1645817
8,1,0.9555624
8,1,0.4847541
8,1,0.8520796
8,1,0.8176807
8,1,0.6409473
8,1,0.7151533
8,1,0.5509912
8,1,0.5865974
8,1,0.4691113
8,1,0.482332
8,1,0.5554196
8,1,0.7252295
8,1,0.6887798
8,1,0.5944702
8,1,0.5655648
8,1,0.5309195
8,1,0.5764864
8,1,0.5829586
8,1,0.6535978
8,1,0.5901651
8,1,0.6936266
8,0,1.0668461
8,1,0.6157879
8,1,0.5423974
8,1,0.4867998
8,1,0.6541946
8,1,0.8165575
8,1,0.5546576
8,1,0.4428916
8,1,0.5349583
8,1,0.9681985
8,1,0.5394929
8,1,0.541341
8,1,0.5293986
8,1,0.5278455
8,1,0.5162712
8,1,1.0252683
8,1,0.5679061
8,1,0.4707685
8,1,0.6334506
8,1,0.5363907
8,1,0.5065924
8,1,0.6339773
8,1,0.5569541
8,1,0.4994869
8,1,0.482996
8,0,0.4826351
8,1,0.5299279
8,1,0.5451742
9,1,0.559349800000064
9,1,0.600932999999941
9,1,0.547270399999888
9,1,0.491505499999676
9,1,0.450778100000207
9,1,0.511571699999877
9,1,0.373882400000184
9,1,0.493140799999765
9,1,0.744117299999971
9,1,0.501117400000112
9,1,0.598979800000052
9,1,0.521698699999888
9,1,0.415379200000189
9,1,0.382938299999751
9,1,0.485190699999748
9,1,0.41337059999978
9,1,0.703516699999909
9,1,0.533933700000034
9,1,0.837527200000295
9,1,0.696521900000334
9,1,0.666105400000106
9,1,0.449145699999917
9,1,0.425832900000387
9,1,0.584378000000015
9,1,0.590752100000373
9,1,0.58005379999986
9,1,0.370316499999717
9,1,0.544287700000041
9,1,0.530586800000037
9,1,0.516438499999822
9,1,0.82920809999996
9,1,0.400808099999722
9,1,0.538840000000164
9,1,0.442937299999812
9,1,0.572573599999942
9,1,0.387253800000053
9,1,0.403542000000016
9,1,0.386572700000215
9,1,0.514711900000293
9,1,0.398249200000009
9,1,0.447836599999846
9,1,0.518159899999773
9,1,0.489382100000057
9,1,0.531903900000088
9,1,0.515647499999886
9,1,0.591913499999919
9,1,0.534482200000184
9,1,0.448608800000329
9,1,0.643731900000148
9,1,0.508758200000102
9,1,0.545932200000152
9,1,0.547196900000017
9,1,0.45522260000007
9,1,0.46236269999963
9,1,0.587068799999997
9,1,0.504411300000129
9,1,0.520926099999997
9,1,0.579160699999647
9,1,0.47554429999991
9,1,0.606403600000249
9,1,0.516184799999792
9,1,0.479265999999825
9,1,0.538350300000047
9,1,0.479026500000145
9,1,0.559770200000003
9,1,0.426769200000308
9,1,0.368120999999974
9,1,0.678600799999913
9,1,0.51802809999981
9,1,0.658773399999973
9,0,0.462361599999895
9,1,0.393172500000219
9,1,0.422044200000073
9,1,0.526724000000058
9,1,0.608077100000173
9,1,0.629198699999961
9,1,0.432791400000042
9,1,0.42725489999998
9,1,0.4601775000001
9,1,0.484691399999974
