﻿target,反应类型,条件,truetarget,CorAns,Position,returnPractice.thisRepN,returnPractice.thisTrialN,returnPractice.thisN,returnPractice.thisIndex,pracNum.thisRepN,pracNum.thisTrialN,pracNum.thisN,pracNum.thisIndex,NumBlock1.thisRepN,NumBlock1.thisTrialN,NumBlock1.thisN,NumBlock1.thisIndex,NumBlock2.thisRepN,NumBlock2.thisTrialN,NumBlock2.thisN,NumBlock2.thisIndex,returnPrac.thisRepN,returnPrac.thisTrialN,returnPrac.thisN,returnPrac.thisIndex,PracAff.thisRepN,PracAff.thisTrialN,PracAff.thisN,PracAff.thisIndex,congruency,AffValue,flankerPic,targetPic,corAnsF,corAnsA,respNum2word.keys,respNum2word.corr,respNum2word.rt,姓名,性别,年龄（周岁）,date,expName,psychopyVersion,frameRate,
2A,1,1,A,a,"[0.2, 0.2]",0,0,0,0,0,0,0,0,,,,,,,,,,,,,,,,,,,,,,,l,0,0.3484401999958209,11,11,11,2024_Jun_06_2255,mian,2021.2.3,59.761896650678715,
A9,1,2,A,a,"[-0.2, 0.2]",0,0,0,0,0,1,1,1,,,,,,,,,,,,,,,,,,,,,,,a,1,0.2502967999971588,11,11,11,2024_Jun_06_2255,mian,2021.2.3,59.761896650678715,
,,,,,,0,0,0,0,,,,,,,,,,,,,,,,,,,,,,,,,,,,,,11,11,11,2024_Jun_06_2255,mian,2021.2.3,59.761896650678715,
7h,1,1,h,l,"[0.2, 0.2]",,,,,,,,,0,0,0,0,,,,,,,,,,,,,,,,,,,l,1,0.4080859999958193,11,11,11,2024_Jun_06_2255,mian,2021.2.3,59.761896650678715,
8F,1,2,F,a,"[-0.2, 0.2]",,,,,,,,,0,1,1,1,,,,,,,,,,,,,,,,,,,a,1,0.34246990000247024,11,11,11,2024_Jun_06_2255,mian,2021.2.3,59.761896650678715,
6A,1,1,A,a,"[0.2, 0.2]",,,,,,,,,,,,,0,0,0,0,,,,,,,,,,,,,,,l,0,0.3255409999983385,11,11,11,2024_Jun_06_2255,mian,2021.2.3,59.761896650678715,
