﻿target,反应类型,条件,truetarget,CorAns,Position,returnPractice.thisRepN,returnPractice.thisTrialN,returnPractice.thisN,returnPractice.thisIndex,pracNum.thisRepN,pracNum.thisTrialN,pracNum.thisN,pracNum.thisIndex,NumBlock1.thisRepN,NumBlock1.thisTrialN,NumBlock1.thisN,NumBlock1.thisIndex,NumBlock2.thisRepN,NumBlock2.thisTrialN,NumBlock2.thisN,NumBlock2.thisIndex,returnPrac.thisRepN,returnPrac.thisTrialN,returnPrac.thisN,returnPrac.thisIndex,PracAff.thisRepN,PracAff.thisTrialN,PracAff.thisN,PracAff.thisIndex,congruency,AffValue,flankerPic,targetPic,corAnsF,corAnsA,respNum2word.keys,respNum2word.corr,respNum2word.rt,姓名,性别,年龄（周岁）,date,expName,psychopyVersion,frameRate,
2A,1,1,A,a,"[0.2, 0.2]",0,0,0,0,0,0,0,0,,,,,,,,,,,,,,,,,,,,,,,a,1,0.26261419999354985,,,,2024_Jun_06_2312,mian,2021.2.3,59.76050380665517,
,,,,,,0,0,0,0,,,,,,,,,,,,,,,,,,,,,,,,,,,,,,,,,2024_Jun_06_2312,mian,2021.2.3,59.76050380665517,
7h,1,1,h,l,"[0.2, 0.2]",,,,,,,,,0,0,0,0,,,,,,,,,,,,,,,,,,,a,0,0.22571130000142148,,,,2024_Jun_06_2312,mian,2021.2.3,59.76050380665517,
6A,1,1,A,a,"[0.2, 0.2]",,,,,,,,,,,,,0,0,0,0,,,,,,,,,,,,,,,a,1,0.2448736000005738,,,,2024_Jun_06_2312,mian,2021.2.3,59.76050380665517,
