﻿target,反应类型,条件,truetarget,CorAns,Position,returnPractice.thisRepN,returnPractice.thisTrialN,returnPractice.thisN,returnPractice.thisIndex,pracNum.thisRepN,pracNum.thisTrialN,pracNum.thisN,pracNum.thisIndex,NumBlock1.thisRepN,NumBlock1.thisTrialN,NumBlock1.thisN,NumBlock1.thisIndex,NumBlock2.thisRepN,NumBlock2.thisTrialN,NumBlock2.thisN,NumBlock2.thisIndex,returnPrac.thisRepN,returnPrac.thisTrialN,returnPrac.thisN,returnPrac.thisIndex,PracAff.thisRepN,PracAff.thisTrialN,PracAff.thisN,PracAff.thisIndex,congruency,AffValue,flankerPic,targetPic,corAnsF,corAnsA,respNum2word.keys,respNum2word.corr,respNum2word.rt,姓名,性别,年龄（周岁）,date,expName,psychopyVersion,frameRate,
2A,1,1,A,a,"[0.2, 0.2]",0,0,0,0,0,0,0,0,,,,,,,,,,,,,,,,,,,,,,,a,1,0.5708220999949845,,,,2024_Jun_06_2305,mian,2021.2.3,59.88486535870894,
,,,,,,0,0,0,0,,,,,,,,,,,,,,,,,,,,,,,,,,,,,,,,,2024_Jun_06_2305,mian,2021.2.3,59.88486535870894,
7h,1,1,h,l,"[0.2, 0.2]",,,,,,,,,0,0,0,0,,,,,,,,,,,,,,,,,,,a,0,0.3023033999998006,,,,2024_Jun_06_2305,mian,2021.2.3,59.88486535870894,
6A,1,1,A,a,"[0.2, 0.2]",,,,,,,,,,,,,0,0,0,0,,,,,,,,,,,,,,,a,1,1.6500202000024728,,,,2024_Jun_06_2305,mian,2021.2.3,59.88486535870894,
