﻿target,反应类型,条件,truetarget,CorAns,Position,returnPractice.thisRepN,returnPractice.thisTrialN,returnPractice.thisN,returnPractice.thisIndex,pracNum.thisRepN,pracNum.thisTrialN,pracNum.thisN,pracNum.thisIndex,NumBlock1.thisRepN,NumBlock1.thisTrialN,NumBlock1.thisN,NumBlock1.thisIndex,NumBlock2.thisRepN,NumBlock2.thisTrialN,NumBlock2.thisN,NumBlock2.thisIndex,returnPrac.thisRepN,returnPrac.thisTrialN,returnPrac.thisN,returnPrac.thisIndex,PracAff.thisRepN,PracAff.thisTrialN,PracAff.thisN,PracAff.thisIndex,congruency,AffValue,flankerPic,targetPic,corAnsF,corAnsA,respNum2word.keys,respNum2word.corr,respNum2word.rt,姓名,性别,年龄（周岁）,date,expName,psychopyVersion,frameRate,
2A,1,1,A,a,"[0.2, 0.2]",0,0,0,0,0,0,0,0,,,,,,,,,,,,,,,,,,,,,,,a,1,1.0251294000045164,,,,2024_Jun_06_2302,mian,2021.2.3,59.908651287755404,
A9,1,2,A,a,"[-0.2, 0.2]",0,0,0,0,0,1,1,1,,,,,,,,,,,,,,,,,,,,,,,l,0,0.2425132999997004,,,,2024_Jun_06_2302,mian,2021.2.3,59.908651287755404,
,,,,,,0,0,0,0,,,,,,,,,,,,,,,,,,,,,,,,,,,,,,,,,2024_Jun_06_2302,mian,2021.2.3,59.908651287755404,
7h,1,1,h,l,"[0.2, 0.2]",,,,,,,,,0,0,0,0,,,,,,,,,,,,,,,,,,,l,1,0.23859660000016447,,,,2024_Jun_06_2302,mian,2021.2.3,59.908651287755404,
8F,1,2,F,a,"[-0.2, 0.2]",,,,,,,,,0,1,1,1,,,,,,,,,,,,,,,,,,,a,1,0.26857210000162013,,,,2024_Jun_06_2302,mian,2021.2.3,59.908651287755404,
6A,1,1,A,a,"[0.2, 0.2]",,,,,,,,,,,,,0,0,0,0,,,,,,,,,,,,,,,l,0,0.20336829999723705,,,,2024_Jun_06_2302,mian,2021.2.3,59.908651287755404,
